ein,cik,name,state_inc,hq_state,hq_city,sic,sic_desc,tickers,former_names,last_filing
854364273,0001846146,"1865, LLC",OH,OH,COLUMBUS,,,,,2021-02-17
833394582,0001925495,"80 Acres Urban Agriculture, Inc.",DE,OH,CINCINNATI,,,,,2025-10-31
360698440,0000001800,ABBOTT LABORATORIES,IL,IL,ABBOTT PARK,2834,Pharmaceutical Preparations,ABT,,2026-09-03
360700810,0000002024,ACE HARDWARE CORP,DE,IL,OAK BROOK,5070,Wholesale-Hardware & Plumbing & Heating Equipment & Supplies,,,2007-09-14
541163725,0000874761,AES CORP,DE,VA,ARLINGTON,4991,Cogeneration Services & Small Power Producers,AES,AES CORPORATION,2026-09-17
232472830,0000874663,ALKERMES INC,PA,MA,WALTHAM,2834,Pharmaceutical Preparations,,,2020-05-19
474578433,0001651254,"AMG Industries Acquisition, LLC",OH,OH,AKRON,,,,,2015-08-19
953540776,0000318154,AMGEN INC,DE,CA,THOUSAND OAKS,2836,"Biological Products, (No Diagnostic Substances)",AMGN,,2026-09-04
264690600,0001754432,"ARLINGTON VALLEY FARMS, LLC",OH,OH,CLEVELAND HEIGHTS,,,,,2018-09-28
330517898,0001305890,ATK Space Systems Inc.,DE,UT,MAGNA,,,,"Pressure Systems, Inc.",2016-04-18
260379798,0001404922,"AeroControlex Group, Inc.",DE,OH,PAINESVILLE,3728,"Aircraft Parts & Auxiliary Equipment, NEC",,,2021-08-20
362999270,0001537597,Armor All/STP Products Co,DE,CT,DANBURY,,,,,2019-06-27
341940305,0001323885,"AtriCure, Inc.",DE,OH,MASON,3841,Surgical & Medical Instruments & Apparatus,ATRC,,2026-09-14
830722506,0001747282,Aunt Flow Corp.,DE,OH,COLUMBUS,,,,,2022-05-03
841326644,0001217772,BALL METAL BEVERAGE CONTAINER CORP,CO,,,,,,,2025-05-14
135381590,0001991618,"BDO USA, P.A.",VA,IL,CHICAGO,,,,,2023-09-07
134996950,0001085832,BEAHM DOUGLAS M,DE,NJ,PRINCETON,2840,"Soap, Detergents, Cleang Preparations, Perfumes, Cosmetics",,,2000-03-10
942681915,0001110785,BECHTEL GROUP INC,DE,CA,SAN FRANCISCO,,,,,2003-05-09
760428239,0000919964,BETTIS CORP /DE/,DE,TX,WALLER,3590,Misc Industrial & Commercial Machinery & Equipment,,,1998-01-05
222568977,0001541188,"BMW Financial Services NA, LLC",DE,NJ,WOODCLIFF LAKE,,,,,2026-02-13
474320975,0001646269,BREWDOG USA INC.,DE,,,2082,Malt Beverages,,,2025-09-30
134996950,0001089670,BURKE JOHN R,DE,NJ,PRINCETON,,,,,2001-02-14
453720765,0001868625,"BarkPark, LLC",DE,NY,NEW YORK,,,,,2021-07-06
453720765,0001539019,"Barkbox, Inc.",DE,NY,NEW YORK,,,,,2021-07-06
475621244,0001710090,Beam Technologies Inc.,DE,OH,COLUMBUS,,,,,2025-08-07
813064148,0001750410,"Bold Penguin, Inc.",DE,OH,COLUMBUS,,,,,2020-09-28
231269309,0001363544,"Bon-Ton Department Stores, Inc.",PA,PA,YORK,,,,,2015-07-14
250530110,0000812701,CALGON CARBON Corp,DE,PA,MOON TOWNSHIP,2810,Industrial Inorganic Chemicals,,CALGON CARBON CORPORATION,2018-04-10
341888626,0001143446,CARDINALCOMMERCE CORP,DE,OH,MENTOR,,,,,2011-06-01
222769024,0000944148,"CBIZ, Inc.",DE,OH,INDEPENDENCE,7389,"Services-Business Services, NEC",CBZ,CENTURY BUSINESS SERVICES INC | INTERNATIONAL ALLIANCE SERVICES INC | REPUBLIC ENVIRONMENTAL SYSTEMS INC,2026-08-27
760509980,0001097797,CHARLES RIVER LABORATORIES INC,,MA,WILMINGTON,2836,"Biological Products, (No Diagnostic Substances)",,,2008-02-11
134994650,0001003854,CHASE MANHATTAN GRANTOR TRUST 1996-A,NY,NY,NEW YORK,6189,Asset-Backed Securities,,,2000-11-29
134994650,0001036821,CHASE MANHATTAN HOME EQUITY LOAN TRUST 1995-1,NY,NY,NEW YORK,6189,Asset-Backed Securities,,,2002-10-01
134996950,0000313927,CHURCH & DWIGHT CO INC /DE/,DE,NJ,EWING,2840,"Soap, Detergents, Cleang Preparations, Perfumes, Cosmetics",CHD,,2026-09-16
311703809,0001182641,CINTAS CORP NO 2,,OH,CINCINNATI,2320,"Men's & Boys' Furnishgs, Work Clothg, & Allied Garments",,,2025-04-29
470248710,0000023217,CONAGRA BRANDS INC.,DE,IL,CHICAGO,2000,Food and Kindred Products,CAG,CONAGRA FOODS INC /DE/ | CONAGRA INC /DE/,2026-09-17
911295550,0001024726,CORE MARK INTERNATIONAL INC,CA,CA,SAN FRANCISCO,5190,Wholesale-Miscellaneous Nondurable Goods,,,2002-10-18
204055028,0001940303,"COTSWORKS, INC.",DE,OH,HIGHLAND HEIGHTS,,,,,2022-07-29
854115123,0001837752,"CP Prime Holdings, L.P.",DE,DC,WASHINGTON,,,,,2021-01-04
202779385,0001356711,CPG INTERNATIONAL INC.,DE,PA,SCRANTON,3080,Miscellaneous Plastics Products,,COMPRESSION POLYMERS HOLDING II CORP,2013-05-31
364867239,0001715924,Candid Care Co.,DE,NY,NEW YORK,,,,,2020-12-03
410177680,0000884100,"Cargill, Inc",DE,MN,MINNETONKA,,,,CARGILL INC,2011-05-26
454788036,0001692437,Carvana Auto Receivables LLC,,AZ,TEMPE,,,,,2025-01-16
454788036,0001576462,"Carvana, LLC",AZ,AZ,PHOENIX,,,,,2024-02-23
341018992,0001732073,Case Western Reserve University,OH,OH,CLEVELAND,,,,,2020-12-08
270733747,0001887480,Cerkl Inc,DE,OH,CINCINNATI,,,,,2021-10-12
901020167,0001766502,"Chewy, Inc.",DE,FL,PLANTATION,5961,Retail-Catalog & Mail-Order Houses,CHWY,,2026-09-14
340714585,0001372440,Cleveland Clinic Foundation,OH,OH,CLEVELAND,,,,,2007-02-14
112808682,0001459129,Clopay Corp.,DE,NY,JERICHO,,,,"Clopay Building Products Company, Inc.",2020-07-06
311652755,0001465217,"Construction Software Technologies, Inc.",DE,OH,CINCINNATI,,,,,2009-06-09
911295550,0001813469,"Core-Mark International, Inc.",DE,TX,WESTLAKE,,,,,2021-09-01
202164234,0001334036,"Crocs, Inc.",,CO,BROOMFIELD,3021,Rubber & Plastics Footwear,CROX,,2026-09-16
841865395,0001825773,Crownme Coil Care LLC,OH,OH,TROTWOOD,,,,,2020-09-24
261531856,0000026780,DANA Inc,DE,OH,MAUMEE,3714,Motor Vehicle Parts & Accessories,DAN,DANA HOLDING CORP | DANA CORP,2026-09-02
340176110,0000277638,DAVEY TREE EXPERT CO,OH,OH,KENT,0700,Agricultural Services,,,2026-08-25
462633179,0001683575,"DECKED, L.L.C.",DE,ID,KETCHUM,,,,,2022-09-29
610502302,0000029534,DOLLAR GENERAL CORP,TN,TN,GOODLETTSVILLE,5331,Retail-Variety Stores,DG,,2026-09-03
133160717,0001019336,DONNELLEY ENTERPRISE SOLUTIONS INC,DE,IL,CHICAGO,8741,Services-Management Services,,,1999-02-17
250530110,0000950132,DONNELLEY R R & SONS CO 04/FA,PA,PA,PITTSBURGH,0000,,,,
341940366,0001473390,"Dealer Tire, LLC",DE,OH,CLEVELAND,,,,,2009-10-09
262828128,0001483510,"EXP OldCo Winddown, Inc.",,OH,COLUMBUS,5600,Retail-Apparel & Accessory Stores,,"EXPRESS, INC. | EXPRESS PARENT LLC",2024-12-31
472692010,0001677374,"Eccrine Systems, Inc.",DE,OH,CINCINNATI,,,,,2019-10-18
134996950,0001074263,FALOTICO ANTHONY J,DE,NJ,PRINCETON,2840,"Soap, Detergents, Cleang Preparations, Perfumes, Cosmetics",,,2001-01-10
204623678,0001274494,"FIRST SOLAR, INC.",DE,AZ,PHOENIX,3674,Semiconductors & Related Devices,FSLR,FIRST SOLAR HOLDINGS LLC,2026-09-03
310841368,0000837810,FIRSTAR BANK N A /OH,OH,OH,CINCINNATI,0000,,,STAR BANK N A,2001-08-16
341339938,0000354869,FIRSTMERIT CORP /OH/,OH,OH,AKRON,6021,National Commercial Banks,,FIRSTMERIT CORP | FIRSTMERIT BANK NA | FIRST BANCORPORATION OF OHIO,2016-08-26
943083515,0000890662,FRITZ COMPANIES INC,DE,CA,SAN FRANCISCO,4731,Arrangement of  Transportation of  Freight & Cargo,,,2002-02-12
341940561,0001407702,FirstEnergy Generation Corp.,OH,OH,AKRON,4911,Electric Services,,,2009-11-17
465041467,0001631102,"Fund That Flip, Inc.",DE,NY,NEW YORK,,,,,2016-02-26
540582680,0001165493,GENERAL DYNAMICS LAND SYSTEMS INC,DE,MI,WARREN,3730,Ship & Boat Building & Repairing,,,2026-08-04
140689340,0000040545,GENERAL ELECTRIC CO,NY,OH,EVENDALE,3600,Electronic & Other Electrical Equipment (No Computer Equip),GE,,2026-09-08
410274440,0000040704,GENERAL MILLS INC,DE,MN,MINNEAPOLIS,2040,Grain Mill Products,GIS,,2026-09-01
263199128,0002128864,"GKN North America Investments, Inc.",DE,MI,DETROIT,,,,,2026-05-01
340253240,0000042582,GOODYEAR TIRE & RUBBER CO /OH/,OH,OH,AKRON,3011,Tires & Inner Tubes,GT,,2026-09-02
340641582,0001311570,General Aluminum Mfg. CO,OH,OH,CLEVELAND,,,,,2017-07-13
481299541,0001517379,"Global Cooling, Inc.",DE,OH,ATHENS,,,,,2015-12-29
811520982,0001678511,"Global Graphene Group, Inc.",DE,OH,DAYTON,,,,,2026-06-05
453507457,0001571925,Gwynnie Bee Inc.,DE,NY,LONG ISLAND CITY,,,,,2015-10-27
251872814,0001599727,"H.J. Heinz Company, L.P.",DE,PA,PITTSBURGH,,,,,2014-05-07
311623179,0001496639,"HILLMAN GROUP, INC.",DE,OH,CINCINNATI,,,,,2026-07-14
208826851,0001654911,"HOMAGE HOLDINGS, INC.",DE,OH,COLUMBUS,,,,"Homage, LLC",2024-05-24
310966785,0000838966,HUNTINGTON NATIONAL BANK/OH/ /TA,OH,OH,COLUMBUS,,,,HUNTINGTON NATIONAL BANK/OH/                            /TA,2026-04-24
341699247,0001064226,HYLAND SOFTWARE INC,,OH,WESTLAKE,7372,Services-Prepackaged Software,,,2004-11-24
250317820,0000004281,Howmet Aerospace Inc.,DE,PA,PITTSBURGH,3350,Rolling Drawing & Extruding of  Nonferrous Metals,HWM,Arconic Inc. | ALCOA INC. | ALCOA INC | ALUMINUM CO OF AMERICA,2026-08-06
880741490,0001964405,Hyphen Innovations LLC,DE,OH,BEAVERCREEK,,,,,2023-02-02
941672743,0000050863,INTEL CORP,DE,CA,SANTA CLARA,3674,Semiconductors & Related Devices,INTC,,2026-08-28
130871985,0000051143,INTERNATIONAL BUSINESS MACHINES CORP,NY,NY,ARMONK,3570,Computer & office Equipment,IBM,,2026-08-28
130872805,0000051434,INTERNATIONAL PAPER CO /NEW/,NY,TN,MEMPHIS,2621,Paper Mills,IP INPAP,,2026-08-12
341920747,0001785182,IronUnits LLC,DE,OH,CLEVELAND,,,,,2021-03-25
340720629,0000034151,JO-ANN STORES INC,OH,OH,HUDSON,5940,Retail-Miscellaneous Shopping Goods Stores,,FABRI CENTERS OF AMERICA INC,2011-04-01
134994650,0000835271,"JPMorgan Chase Bank, N.A.",X1,OH,COLUMBUS,6189,Asset-Backed Securities,,"JPMorgan Chase Bank, National Association | CHASE MANHATTAN BANK /NY/ | CHEMICAL BANK",2026-08-31
521762325,0000886346,KADANT INC,DE,MA,WESTFORD,3550,Special Industry Machinery (No Metalworking Machinery),KAI,THERMO FIBERTEK INC,2026-09-10
310345740,0000056873,KROGER CO,OH,OH,CINCINNATI,5411,Retail-Grocery Stores,KR,,2026-09-11
204014729,0001816877,Kasper Holdings LLC,OH,OH,NORTH CANTON,,,,,2021-06-02
363083135,0001545158,"Kraft Foods Group, Inc.",,IL,NORTHFIELD,2000,Food and Kindred Products,,,2016-02-23
250542520,0000046640,Kraft Heinz Foods Co,PA,PA,PITTSBURGH,2030,"Canned, Frozen & Preservd Fruit, Veg & Food Specialties",,HEINZ H J CO,2026-05-27
222784107,0001377500,LIBBEY GLASS INC.,DE,OH,TOLEDO,3220,"Glass & Glassware, Pressed or  Blown",,,2012-11-06
340359955,0000059527,LINCOLN ELECTRIC HOLDINGS INC,OH,OH,CLEVELAND,3540,Metalworkg Machinery & Equipment,LECO,LINCOLN ELECTRIC HOLDINGS INC | LINCOLN ELECTRIC CO,2026-09-11
310628033,0000216430,LIQUI BOX CORP,OH,OH,WORTHINGTON,3089,"Plastics Products, NEC",,,2003-02-04
134994650,0001265824,LR GENERAL PARTNER LLC,,NY,NEW YORK,,,,,2005-01-13
340367600,0000060751,LUBRIZOL Corp,OH,OH,WICKLIFFE,2860,Industrial Organic Chemicals,,,2011-09-29
593015985,0001083751,LUIGINOS INC,MN,MN,DULUTH,2030,"Canned, Frozen & Preservd Fruit, Veg & Food Specialties",,,2004-05-04
471569655,0001846821,"Lopaus Point, Inc.",X1,OH,COLUMBUS,,,,Lopaus Point LLC,2024-05-01
943207296,0000927653,MCKESSON CORP,DE,TX,IRVING,5122,"Wholesale-Drugs, Proprietaries & Druggists' Sundries",MCK,MCKESSON HBOC INC,2026-09-10
943207296,0001039362,MCKESSON FINANCING TRUST/ CA,DE,CA,SAN FRANCISCO,5122,"Wholesale-Drugs, Proprietaries & Druggists' Sundries",,MCKESSON HBO INC | MCKESSON FINANCING TRUST,1999-09-09
208764829,0001827796,MORGAN STANLEY CAPITAL PRODUCTS LLC,DE,NY,NEW YORK,,,,,2022-02-25
311125853,0000819220,MULTI COLOR Corp,OH,OH,BATAVIA,2750,Commercial Printing,,,2019-07-18
451257111,0001541962,"MadTree Brewing, LLC",OH,OH,CINCINNATI,,,,,2012-02-10
230628360,0000041719,Magnera Corp,PA,NC,CHARLOTTE,2621,Paper Mills,MAGN,Glatfelter Corp | GLATFELTER P H CO,2026-08-12
271284632,0001510295,Marathon Petroleum Corp,DE,OH,FINDLAY,2911,Petroleum Refining,MPC,,2026-09-01
270552823,0002009847,Milacron Plastics Technologies Group LLC,DE,IN,BATESVILLE,,,,,2024-02-07
341839929,0001412284,"Momentive Performance Materials Quartz, Inc.",DE,NY,ALBANY,,,,,2014-09-23
453997071,0001721865,"Monitored Therapeutics, Inc.",DE,OH,DUBLIN,,,,,2021-07-27
311125853,0002134523,Multi-Color Corp,OH,GA,ATLANTA,,,,,2026-05-26
721122018,0000830488,NETWORK LONG DISTANCE INC,DE,VA,NEWPORT NEWS,4813,Telephone Communications (No Radiotelephone),,,1998-06-15
134143915,0001138606,NOVEON INC,DE,OH,CLEVELAND,2891,Adhesives & Sealants,,,2004-09-24
471671054,0001702264,"Nullable, Inc.",DE,OH,COLUMBUS,,,,,2021-09-28
860221312,0001017450,"O'Reilly Auto Enterprises, LLC",DE,MO,SPRINGFIELD,5531,Retail-Auto & Home Supply Stores,,CSK AUTO INC,2016-03-02
314271820,0001513044,OHIO VALLEY BANK Co,OH,OH,GALLIPOLIS,,,,,2026-02-12
341897652,0001090061,OMNOVA SOLUTIONS INC,OH,OH,BEACHWOOD,3060,"Fabricated Rubber Products, NEC",,,2020-04-13
341897652,0001218660,OMNOVA SOLUTIONS RETIREMENT SAVINGS PLAN,OH,OH,FAIRLAWN,,,,,2006-02-09
680208702,0001640177,"OPTION CARE ENTERPRISES, INC.",DE,IL,DEERFIELD,,,,,2015-04-22
222784124,0001169825,OWENS ILLINOIS PRESCRIPTION PRODUCTS INC,DE,OH,TOLEDO,,,,,2005-04-27
222784144,0001169774,OWENS-BROCKWAY GLASS CONTAINER INC,DE,OH,PERRYSBURG,3221,Glass Containers,,OWENS BROCKWAY GLASS CONTAINER INC,2020-02-21
812174460,0001843031,"Oats Overnight, Inc.",DE,AZ,TEMPE,,,,,2024-07-30
471842264,0001708023,Oculii Corp.,DE,OH,BEAVERCREEK,,,,,2018-06-11
314271820,0001603694,Ohio Valley Bank Co / TA,,OH,GALLIPOLIS,,,,,2026-02-10
874718796,0001934663,P&THE Manufacturing Acquisition LLC,MI,MI,CANTON,,,,,2022-06-22
910351110,0000075362,PACCAR INC,DE,WA,BELLEVUE,3711,Motor Vehicles & Passenger Car Bodies,PCAR,,2026-09-04
362552989,0001089976,PACTIV LLC,DE,IL,LAKE FOREST,2673,"Plastics, Foil & Coated Paper Bags",,PACTIV CORP | TENNECO PACKAGING INC,2025-04-04
311299990,0001138779,"PAYCOR, INC",DE,OH,CINCINNATI,,,,PAYCOR INC,2016-07-01
751673348,0001365754,"PIER 1 IMPORTS (U.S.), INC.",DE,TX,FT. WORTH,,,,,2009-05-13
250730780,0000079879,PPG INDUSTRIES INC,PA,PA,PITTSBURGH,2851,"Paints, Varnishes, Lacquers, Enamels & Allied Prods",PPG,,2026-09-16
362552989,0001531574,Pactiv Management Co LLC,DE,Q2,AUCKLAND,,,,,2012-12-27
832135454,0001882283,"Path Robotics, Inc.",DE,OH,COLUMBUS,,,,,2021-11-10
465667935,0001731394,Peaceful Fruits LLC,OH,OH,PENINSULA,,,,,2018-02-16
383914676,0001594903,Perham Egg Ohio LLC,MN,MN,MINNEAPOLIS,,,,,2013-12-19
581455083,0001384871,Phoenix Corp,GA,CA,LOS ANGELES,,,,,2013-04-10
274453719,0001782604,Pison Stream Solutions Inc.,DE,OH,BRECKSVILLE,,,,,2021-11-29
850997867,0001816959,"QQE Summit, LLC",OH,OH,DAYTON,,,,,2020-07-07
462417625,0001880827,"Quick Loadz Container System, LLC",OH,OH,ATHENS,,,,,2024-05-06
430470580,0000081870,RALSTON PURINA CO,MO,MO,ST LOUIS,2040,Grain Mill Products,,,2002-05-14
430470580,0000735256,RALSTON PURINA CO                                       /TA,,MO,ST LOUIS,,,,,2002-03-13
311581466,0001676213,"REVLOCAL, LLC",OH,OH,GRANVILLE,,,,,2016-06-15
310875005,0000854663,RMI TITANIUM CO,OH,OH,NILES,3350,Rolling Drawing & Extruding of  Nonferrous Metals,,,2013-04-11
311364046,0000895456,"ROCKY BRANDS, INC.",OH,OH,NELSONVILLE,3140,"Footwear, (No Rubber)",RCKY,"ROCKY BRANDS, INC. | ROCKY SHOES & BOOTS INC",2026-08-14
473049829,0001637429,"ROOT, INC.",DE,OH,COLUMBUS,,,,"IBOD COMPANY, Inc.",2018-11-13
362241181,0001732698,Rexam Beverage Can Co,DE,CO,BROOMFIELD,,,,,2025-08-11
920191641,0001488086,"RhinoSystems, Inc.",OH,OH,BROOKLYN HEIGHTS,,,,,2019-09-24
465133072,0001920577,"Rust Belt Riders Composting, LLC",OH,OH,CLEVELAND,,,,,2023-04-11
340526850,0000089800,SHERWIN WILLIAMS CO,OH,OH,CLEVELAND,5200,"Retail-Building Materials, Hardware, Garden Supply",SHW,,2026-08-19
364670631,0001722397,"STAQ Pharma, Inc.",CO,CO,DENVER,,,,"QualMed Pharmacy, Inc.",2024-09-16
310841368,0001079326,STAR BANK N A CINCINNATI/FA,OH,OH,CINCINNATI,,,,,1999-02-16
953323502,0001009988,STERIGENICS INTERNATIONAL INC,CA,CA,FREMONT,8090,"Services-Misc Health & Allied Services, NEC",,STERIGENICS INTERNATIONAL,2000-02-14
341482024,0000815065,STERIS CORP,OH,OH,MENTOR,3842,"Orthopedic, Prosthetic & Surgical Appliances & Supplies",,,2021-03-26
260902522,0001923072,SageSure LLC,DE,NJ,JERSEY CITY,,,,Insight Catastrophe Group,2025-05-29
930797222,0000873303,"Sarepta Therapeutics, Inc.",DE,MA,CAMBRIDGE,2834,Pharmaceutical Preparations,SRPT,"Sarepta Therapeutics, Inc. | AVI BIOPHARMA INC | ANTIVIRALS INC",2026-09-08
943450803,0001546977,"Satelytics, Inc.",OH,OH,TOLEDO,,,,"Blue Water Satellite, Inc",2020-06-18
943196943,0000920371,"Simpson Manufacturing Co., Inc.",DE,CA,PLEASANTON,3420,"Cutlery, Handtools & General Hardware",SSD,SIMPSON MANUFACTURING CO INC /CA/,2026-09-11
873225116,0001894107,"Society Brands, Inc.",DE,OH,CANTON,,,,"EnCapA, Inc.",2023-02-14
461090667,0001759081,"Solutions Vending International, Inc.",DE,OH,COLUMBUS,7372,Services-Prepackaged Software,,,2025-12-29
272915235,0001814797,"Spintech Holdings, Inc.",DE,OH,MIAMISBURG,,,,,2023-06-16
272915235,0001513349,"Spintech, LLC",OH,OH,XENIA,,,,"Spintech Ventures, LLC",2018-08-22
881160783,0002050139,SupplyNow Inc.,DE,OH,CLEVELAND,,,,,2025-07-24
223286312,0001039542,TEKNI PLEX INC,DE,NJ,SOMERVILLE,3050,"Gaskets, Packg & Sealg Devices & Rubber & Plastics Hose",,,2009-12-14
581493818,0000721683,TOTAL SYSTEM SERVICES INC,GA,GA,COLUMBUS,7389,"Services-Business Services, NEC",,,2019-09-30
133139732,0000916365,TRACTOR SUPPLY CO /DE/,DE,TN,BRENTWOOD,5200,"Retail-Building Materials, Hardware, Garden Supply",TSCO,,2026-09-09
752303920,0000860731,TYLER TECHNOLOGIES INC,DE,TX,PLANO,7372,Services-Prepackaged Software,TYL,TYLER CORP /NEW/,2026-09-15
823446932,0001860687,Terry Thomsen LLC,OH,OH,CLEVELAND,,,,,2021-05-10
800810911,0001552492,"Tower Partners, LLC",OH,NY,PLAINVIEW,,,,,2012-06-19
310841368,0001498040,U.S. Bank Municipal Products Group,,NY,New York,,,,U.S. Bank Municipal Securities Group,2025-06-13
363104688,0000100923,UNION TANK CAR CO,DE,IL,CHICAGO,3743,Railroad Equipment,,,2008-11-10
742099724,0000319687,"UNITED AIRLINES, INC.",DE,IL,CHICAGO,4512,"Air Transportation, Scheduled",,"CONTINENTAL AIRLINES, INC. | CONTINENTAL AIRLINES INC /DE/",2026-08-14
310841368,0000830013,US BANK NATIONAL ASSOCIATION,DE,MN,MINNEAPOLIS,,,,,2026-08-12
262786046,0001514029,Updox LLC,DE,OH,DUBLIN,,,,,2017-02-14
454660612,0001707862,"Upstart Funding I, LLC",DE,CA,SAN CARLOS,,,,,2024-02-06
454660612,0001721221,"Upstart Funding II, LLC",DE,CA,SAN CARLOS,,,,,2026-06-18
464332431,0001647639,"Upstart Holdings, Inc.",DE,CA,BURLINGAME,6199,Finance Services,UPST,,2026-09-10
454660612,0001555581,"Upstart Network, Inc.",DE,CA,PALO ALTO,,,,,2014-01-27
208235463,0001393052,VEEVA SYSTEMS INC,DE,CA,PLEASANTON,7372,Services-Prepackaged Software,VEEV,VERTICALS ONDEMAND INC,2026-09-16
341809003,0001075623,VENTURE PACKAGING MIDWEST INC,OH,IN,EVANSVILLE,3089,"Plastics Products, NEC",,,2025-01-14
833686461,0001831322,VISPIRI Inc.,DE,OH,CLEVELAND,,,,,2026-05-22
462190696,0001667576,"Vantage Point Logistics, Inc.",DE,OH,COLUMBUS,,,,,2019-02-20
381490038,0000106640,WHIRLPOOL CORP /DE/,DE,MI,BENTON HARBOR,3630,Household Appliances,WHR WHR-PA,,2026-08-19
361178800,0000107078,WILBERT INC,DE,IL,FOREST PARK,,,,,2001-05-11
134996950,0001085831,WILCAUKAS EUGENE F,DE,NJ,PRINCETON,2840,"Soap, Detergents, Cleang Preparations, Perfumes, Cosmetics",,,2000-03-10
134996950,0001037396,WILCAUSKAS EUGENE F,DE,NJ,PRINCETON,2840,"Soap, Detergents, Cleang Preparations, Perfumes, Cosmetics",,,1998-02-17
134994650,0001669574,"Warehouse Funding Avery Point VII, LLC",DE,MA,BOSTON,,,,,2018-02-20
300225741,0001302977,Wornick CO,DE,OH,CINCINNATI,2030,"Canned, Frozen & Preservd Fruit, Veg & Food Specialties",,,2008-01-30
271202150,0001478484,"zulily, inc.",DE,WA,SEATTLE,5961,Retail-Catalog & Mail-Order Houses,,,2016-02-16
