ein,sponsor,sponsor_state,participants_2015,plans_2015,participants_2019,plans_2019,participants_2023,plans_2023
261235310,"1157 DESIGNCONCEPTS, LLC",OH,23,1,,,,
341945124,"20/20 CUSTOM MOLDED PLASTICS, LLC",OH,,,274,1,598,1
760846911,"3D ENGINEERING SOLUTIONS, LLC",OH,13,1,19,1,16,1
311260509,"5BS, INC.",OH,,,,,172,1
833394582,"80 ACRES URBAN AGRICULTURE, INC.",OH,,,,,354,7
341816209,"A&P TOOL, INC.",OH,65,1,128,1,104,1
460635641,A-GAS US INC.,OH,,,285,1,457,2
360698440,ABBOTT LABORATORIES,IL,28954,13,48274,13,59088,13
311090029,ABLE TOOL CORPORATION,OH,32,1,39,1,43,1
873030540,"AC GREEN, LLC",OH,,,,,5,1
360700810,ACE HARDWARE CORPORATION,IL,5407,4,7142,4,10134,5
472427790,ACE PRODUCTS & CONSULTING,OH,,,8,1,20,1
311669468,"ACI SERVICES, INC.",OH,67,1,70,1,85,1
311062147,"ACTION GROUP, INC.",OH,,,27,2,36,3
541923952,"ACUMEN SOLUTIONS, INC.",VA,575,2,882,3,,
470691259,ADALET/SCOTT FETZER COMPANY,OH,193,3,128,3,99,2
943470237,"ADB SAFEGATE AMERICAS, LLC",OH,193,1,249,1,298,2
823980882,ADDUP INC,OH,,,9,1,46,1
113523578,AER LINGUS LIMITED,NY,163,4,214,3,132,2
260379798,"AEROCONTROLEX GROUP, INC.",OH,48,2,,,,
833409500,AEROPACT MANUFACTURING LLC,OH,,,11,2,15,2
341458914,"AIRMATE COMPANY, INC.",OH,33,1,30,1,23,1
381556263,AJM PACKAGING CORPORATION,MI,1327,3,1665,3,2103,3
341117191,ALEX PRODUCTS INC,OH,600,3,974,1,,
232472830,"ALKERMES, INC.",MA,1145,2,2336,2,2686,2
341679064,ALKON CORPORATION,OH,89,1,167,1,251,3
753164446,"ALLIANCE AUTOMATION, LLC",OH,64,1,83,1,167,2
582611718,"ALPLA, INC.",GA,1136,2,1582,2,1997,2
203946941,"ALTENLOH, BRINCK & CO. US, INC.",OH,203,2,265,2,359,2
261643545,"ALTERNATE SOLUTIONS HEALTH NETWORK, LLC",OH,646,2,1647,2,1899,2
474927987,"ALTIVIA PETROCHEMICALS, LLC",TX,,,,,418,2
820544687,"AMAZON.COM SERVICES, LLC",WA,,,397908,3,1295394,2
341165942,"AMERICAN COLORS, INC.",OH,59,2,84,2,99,2
823959668,AMERICAN HEAVY PLATE SOLUTIONS L,OH,,,,,155,2
952041006,"AMERICAN HONDA MOTOR COMPANY, INC.",CA,30800,4,35791,9,41442,6
871928352,"AMERICAN NITRILE OPERATIONS, LLC",OH,,,,,33,1
112695700,"AMERICAN REGENT, INC.",NY,872,4,1431,2,1768,2
475665675,AMERICAN TRAILER WORLD CORP DBA ATW,TX,,,3791,2,4185,2
521747729,"AMERICAN WOOD FIBERS, INC.",MD,349,2,402,2,513,2
474578433,"AMG INDUSTRIES, LLC",OH,21,1,117,3,140,2
202931565,AMG VANADIUM LLC,OH,133,2,183,3,260,4
953540776,AMGEN INC.,CA,15695,4,17328,5,20260,3
311426869,ANNARINO FOODS LLC,OH,,,,,13,1
262673266,"APA SOLAR, LLC",OH,,,,,99,2
311588140,APPALACHIAN WOOD FLOORS INC.,OH,,,157,1,301,2
362556469,"APPVION, INC.",WI,3399,7,,,,
310868493,"APS MATERIALS, INC.",OH,93,1,94,1,159,3
341904902,"AQUABLOK, LTD",OH,,,,,10,1
812419784,ARDAGH METAL PACKAGING USA CORP.,IN,,,,,1987,2
341185757,"ARHAUS, LLC",OH,926,3,1341,3,2185,3
310721681,ARIEL CORPORATION,OH,1218,2,1683,2,1659,2
341904711,"ARNOLD MACHINE, INC.",OH,45,1,55,1,101,1
451759535,"ARTIFLEX MANUFACTURING, INC.",MI,799,3,776,3,846,4
340714532,ASM INTERNATIONAL,OH,280,1,63,2,82,1
271453375,"ASSUREX HEALTH, INC.",OH,241,2,,,,
311145612,"ATHENS MOLD & MACHINE, INC.",OH,,,,,68,1
273187193,"ATLANTIC EMERGENCY SOLUTIONS, INC.",VA,146,2,208,2,345,2
833869983,ATMOS360,OH,,,3,1,2,1
341940305,"ATRICURE, INC.",OH,363,3,657,3,1099,3
310882540,ATS CORPORATION,OH,904,2,1062,2,2061,2
341851391,"AURORA PLASTICS, INC.",OH,69,1,169,2,229,1
311709638,"AUTOMATED MACHINE SYSTEMS, INC.",OH,,,10,2,9,2
341789017,AUTOTOOL INC,OH,25,1,63,1,54,1
911387913,AVELO AIRLINES,TX,216,1,57,1,716,4
611853400,"AVT BECKETT ELEVATORS USA, INC",OH,,,,,2,1
550805988,AXOGEN CORPORATION,FL,,,344,2,578,2
341254126,B & L TRANSPORT INC.,OH,,,,,81,1
833164081,BALLREICH SNACK FOOD COMPANY LLP,OH,,,38,1,,
340084595,"BARIUM & CHEMICALS, INC.",OH,26,1,19,2,20,3
453720765,"BARKBOX, INC.",NY,,,442,2,684,2
161090809,BASF CORPORATION,NJ,26380,9,25363,9,20109,6
314379427,BATTELLE MEMORIAL INSTITUTE,OH,12010,24,11242,27,13282,27
300225741,"BAXTERS NORTH AMERICA, INC.",OH,575,4,704,5,1225,2
822019085,"BBI LOGISTICS, LLC",OH,,,23,2,246,2
201498559,"BDG WRAP TITE, INC.",OH,,,72,1,93,1
135381590,"BDO USA, P.C.",IL,6687,3,9873,3,14565,5
311312684,"BELCAN, LLC",OH,4050,2,5320,2,8048,2
341478321,BELLETECH CORP.,OH,142,2,80,1,,
593015985,"BELLISIO FOODS, INC.",MN,1887,3,2091,3,1189,3
133996703,BENCHMARK EDUCATION COMPANY LLC,NY,281,2,404,2,581,2
340750763,BIERY CHEESE COMPANY,OH,597,2,724,2,795,2
344420713,BINKELMAN CORPORATION,OH,54,1,52,1,61,1
911678875,"BLADE-TECH INDUSTRIES, INC",WA,65,1,,,,
371790634,"BLECKMANN USA, LLC",OH,,,95,1,54,1
310963794,BLUE LABEL PACKAGING CO.,OH,0,1,68,1,162,2
341804827,"BLUE TECHNOLOGIES, INC.",OH,222,3,228,3,223,3
222568977,"BMW FINANCIAL SERVICES NA, LLC",OH,1794,1,1812,1,3134,1
455279635,BOJHUN ENVIRO SERVICES,OH,,,,,7,1
813064148,"BOLD PENGUIN, INC.",OH,,,101,2,451,2
341200570,"BOLLIN & SONS, INC. DBA BOLLIN LABEL SYSTEMS",OH,43,2,62,2,61,1
362513626,BOOZ ALLEN HAMILTON INC.,VA,67040,7,69557,8,51549,3
300841962,"BORGERS OHIO, INCORPORATED",OH,,,189,1,323,1
043537265,BOSTON BEER CORPORATION,MA,1486,2,1341,2,3247,2
310620191,"BRAKEFIRE, INC. DBA SILCO FIRE AND SECURITY",OH,152,2,247,2,387,2
820628587,"BRANCH FINANCIAL, INC.",OH,,,2,1,490,2
310792103,"BRAUN INDUSTRIES, INC.",OH,244,3,301,3,402,3
133163498,"BREAD FINANCIAL PAYMENTS, INC.",OH,15264,4,20130,4,13064,4
822644964,"BREEZE AVIATION GROUP, INC",UT,,,,,1025,2
340859271,"BRENNAN INDUSTRIES, INC.",OH,182,3,191,3,255,3
814361459,"BREW BROTHERS TRUCKING, LLC",OH,,,,,34,1
471756027,"BRIGHT INNOVATION LABS, LLC",OH,,,,,100,1
680659789,"BRIGHTEDGE TECHNOLOGIES, INC.",CA,265,2,406,2,425,2
260013885,BROCK AIR PRODUCTS INCORPORATED,OH,,,,,159,2
311524022,BRP MANUFACTURING COMPANY,OH,46,1,44,2,34,2
880377766,"BUCKEYE BUSINESS PRODUCTS, INC. DIVISION OF KROY LLC",OH,100,4,139,4,45,1
825049969,"BUCKEYE ELM CONTRACTING, LLC",OH,,,,,40,2
831834479,BUDDE PRECISION MACHINING CORP.,OH,,,11,1,17,1
310804159,"BULLEN ULTRASONICS, INC.",OH,76,1,112,2,169,2
150257610,BURROWS PAPER CORPORATION,NY,842,3,,,,
341472584,"BUTECH, INC.",OH,292,2,290,2,296,2
381850421,"C B S BORING & MACHINE CO., INC.",MI,213,2,180,2,231,2
453507457,"CAASTLE, INC.",NY,140,1,157,2,212,2
250530110,CALGON CARBON CORPORATION,PA,904,5,856,5,950,5
208677704,"CALLIBRITY SOLUTIONS, LLC",OH,4,1,57,2,109,2
811076038,"CANARY CONSULTING, INC.",OH,,,8,1,21,2
364867239,CANDID CARE CO.,NC,,,386,2,457,2
463867345,"CANDLE-LITE COMPANY, LLC",OH,509,2,1022,2,1035,2
340130090,"CANTON DROP FORGE, INC.",OH,696,3,446,2,233,1
341888626,CARDINALCOMMERCE CORPORATION,OH,136,2,,,,
311703368,CARESOURCE MANAGEMENT GROUP CO,OH,2186,3,4622,3,,
473049829,"CARET HOLDINGS, INC.",OH,,,236,1,1286,1
410177680,"CARGILL, INCORPORATED",MN,43970,16,39411,15,48742,14
823531143,"CARPE DIEM INDUSTRIES, LLC",OH,,,36,1,40,1
341468011,CARROLL & JAMESON CORPORATION,OH,,,51,1,52,1
454788036,"CARVANA, LLC",AZ,,,3779,2,14099,2
341018992,CASE WESTERN RESERVE UNIVERSITY,OH,6210,7,6154,6,5852,7
341290571,"CAST NYLONS CO., LTD",OH,110,1,127,2,159,2
222769024,"CBIZ, INC.",OH,5778,2,6377,2,8402,2
222784124,CENTOR INC.,NJ,0,1,,,,
341943090,"CENTRAL MACHINERY COMPANY, LLC DBA CEN MAC METAL",OH,44,1,62,1,102,1
161128471,"CENTURY MOLD CO., INC.",NY,376,2,429,2,563,2
300836516,"CERELIA BAKERY USA, INC",OH,,,42,1,,
270733747,"CERKL, INC.",OH,,,6,1,39,2
630944385,CFD RESEARCH CORPORATION,AL,112,2,186,3,294,3
340654854,CHALFANT MANUFACTURING,OH,10,1,,,57,2
760509980,"CHARLES RIVER LABORATORIES, INC.",MA,4625,3,7679,3,15856,2
391138388,"CHARTER MANUFACTURING COMPANY, INC.",WI,2158,4,2374,2,2872,2
473019794,"CHARTER NEXT GENERATION, INC.",IL,,,,,2419,2
272293444,CHEER PACK NORTH AMERICA LLC,MA,191,1,329,2,276,2
341866677,"CHEFS GARDEN, INC.",OH,102,1,113,1,169,1
901020167,"CHEWY, INC.",FL,528,2,10056,2,17899,3
310833936,CHILDREN'S HOSPITAL MEDICAL CENTER,OH,18818,6,20344,5,27933,4
237303509,CHILDREN'S HUNGER ALLIANCE,OH,,,67,1,55,1
311383873,CHILLICOTHE STEEL COMPANY,OH,,,,,37,2
475207341,"CHIPPEWA INDUSTRIES, INC.",OH,,,7,1,,
311208705,CHRISTOPHER GERDES,OH,,,,,1060,1
134996950,"CHURCH & DWIGHT CO., INC.",NJ,3076,10,3767,10,4454,4
208765780,"CITY APPAREL, INC.",OH,,,4,1,12,1
311657386,CITY BARBEQUE,OH,417,3,629,2,988,2
310821189,CITYWIDE DEVELOPMENT CORPORATION,OH,19,1,20,1,20,1
391684871,"CLARIOS, LLC",WI,4524,2,4390,2,5557,3
830846896,CLEVELAND KITCHEN CO.,OH,,,,,86,1
270404394,"CLEVELAND SPECIALTY PRODUCTS, INC.",OH,,,,,22,1
311267098,CLEVELAND-CLIFFS STEEL CORPORATION,OH,33874,24,15257,18,10304,19
262024381,CLINICAL MANAGEMENT CONSULTAN,OH,,,13,1,,
341044431,"COASTAL PET PRODUCTS, INC.",OH,719,2,527,2,550,2
341398298,"COBLENTZ DISTRIBUTING, INC",OH,210,2,271,2,408,2
341876781,"COLDWATER MACHINE COMPANY, LLC",OH,122,1,139,1,,
314153030,COLUMBUS CLUB,OH,24,1,30,1,20,1
061678153,COLUMBUS STEEL CASTINGS,OH,783,2,,,,
475676237,COMMUTEAIR LLC,OH,,,1495,1,1823,1
061569176,"COMPONENT HARDWARE GROUP, INC.",NJ,176,2,161,2,107,1
470248710,"CONAGRA BRANDS, INC.",IL,32922,17,30966,14,29934,11
201248880,CONAGRA FOODS PACKAGED FOODS LLC,IL,290,1,,,,
830856691,CONNECTE TECHNOLOGY,OH,,,2,1,,
205669637,"CONSOLIDUS, LLC",OH,9,1,12,2,21,2
311652755,CONSTRUCTION SOFTWARE TECHNOLOGIES,OH,228,1,,,,
454001073,"CONTACTUS, LLC",OH,,,865,3,580,2
344210902,"COPELAND, LP",MO,1931,1,1925,1,5028,3
270173350,"CORE SPECIALTY INSURANCE SERVICES, INC.",OH,,,,,750,2
911295550,"CORE-MARK INTERNATIONAL, INC.",TX,6369,3,7833,2,,
341483237,"CORNERSTONE WAUSEON, INC.",OH,204,2,218,1,,
202485456,"CORVAC COMPOSITES, LLC",MI,182,2,244,2,186,2
311364595,COSTUME SPECIALISTS INC.,OH,40,1,68,1,64,1
204055028,"COTSWORKS, INC.",OH,53,1,105,1,108,1
263446223,"COVERMYMEDS, LLC",OH,158,5,1052,8,,
310899736,COYNE GRAPHIC FINISHING,OH,34,1,36,1,52,1
813941507,CPG - OHIO LLC,OH,,,54,1,88,1
274356106,CRANE CONSUMABLES,OH,,,26,1,,
813604877,"CRD CONSTRUCTION, LLC",OH,,,,,13,1
311682777,"CREATIVE PACKAGING, LLC",OH,66,1,73,1,90,1
340941570,CREDIT ADJUSTMENTS,OH,81,1,291,1,,
720728139,"CREST INDUSTRIES, LLC",LA,794,5,837,5,1359,5
202164234,"CROCS, INC.",CO,2711,3,2517,2,5263,2
344412691,CROWN EQUIPMENT CORPORATION,OH,8280,3,11737,3,13625,3
311670693,"CTI - CLINICAL TRIAL SERVICES, INC.",KY,277,2,471,2,738,2
205871676,"CUSTOM GLASS SOLUTIONS, LLC",OH,,,0,1,1021,1
462460862,CUSTOM PRO LOGISTICS,OH,,,15,1,24,2
204459634,"CUTTING EDGE COUNTERTOPS, INC.",OH,72,1,176,2,239,2
810868928,"CUTTING EDGE MANUFACTURING, LLC",OH,,,14,1,21,2
264753241,CUYAHOGA COUNTY LAND REUTILIZATI,OH,34,1,46,1,49,1
363280906,DAIDO METAL USA INC.,OH,43,2,64,1,72,1
800595003,DAISY BRAND LLC,TX,493,4,702,2,796,2
472151591,"DANIELS INDUSTRIAL SERVICES, LLC",OH,,,10,1,32,2
341940366,"DEALER TIRE, LLC",OH,1122,6,1520,6,10179,1
311745568,"DECEUNINCK NORTH AMERICA, INC.",OH,372,1,541,1,553,1
462633179,"DECKED, LLC",ID,,,,,136,2
203900803,DEDIENNE AEROSPACE LLC,FL,,,45,1,,
455425838,DEFRIES COPP LLC DBA COPP INTEGRATED SYSTEMS,OH,23,1,38,2,32,2
453810227,"DETROIT MANUFACTURING SYSTEMS, LLC",MI,908,3,1050,3,2063,3
454388819,"DEWESOFT, LLC",OH,7,1,17,1,54,1
272450190,"DIAMOND MANUFACTURING OF BLUFFTON, LLC",OH,,,85,1,63,1
814442785,DIGITAL ROOM LLC,CA,,,676,1,1364,2
341032966,"DISCOUNT DRUG MART, INC.",OH,3892,2,4395,3,4706,3
464523320,DITSCH USA LLC.,OH,,,,,175,2
311383824,"DIVERSIFIED SYSTEMS, INC.",OH,23,1,42,1,,
611346414,"DIVISIONS, INC.",OH,111,2,298,2,813,2
311624971,"DMAX, LTD.",OH,584,7,689,7,1166,3
610502302,DOLLAR GENERAL CORPORATION,TN,108678,3,144871,2,206816,7
843857873,"DOVE DIE & STAMPING LLC, AN OHIO LIMITED LIABILITY COMPANY",OH,,,,,41,1
341775903,DOWNTOWN CLEVELAND ALLIANCE,OH,24,1,27,1,35,1
202018667,"DYNAMIT TECHNOLOGIES, LLC",OH,64,1,132,2,,
310940115,"DYSINGER, INC.",OH,66,1,55,1,59,1
475369803,EAGLE FAMILY FOODS GROUP LLC,OH,,,370,2,477,2
262604359,EARTHQUAKER DEVICES LLC,OH,,,52,1,52,1
472692010,"ECCRINE SYSTEMS, INC.",OH,,,55,1,,
471395397,"ECS TUNING, LLC",OH,192,1,357,1,807,1
311734210,EGELHOF CONTROLS CORP.,OH,33,1,53,1,43,1
371440638,ELECTRIPACK INC.,OH,0,1,46,2,50,1
204410794,ELECTROCRAFT OHIO INC.,OH,135,1,,,,
311019872,"ELEVAR DESIGN GROUP, INC.DBA SFA ARCHITECTS,INC.",OH,40,1,85,1,93,1
341919610,ENCORE INDUSTRIES INC,OH,235,2,301,1,180,1
472512296,ENCORE TECHNOLOGIES,OH,,,,,279,2
311669463,ENGINEERED PROFILES LLC,OH,292,3,373,3,600,3
341459124,ENVELOPE MART OF NE OHIO DBA EM PRINT GROUP,OH,,,,,30,1
340680692,ERICSON MANUFACTURING COMPANY,OH,91,1,93,1,91,1
203246696,ERNST METAL TECHNOLOGIES LLC,OH,,,137,1,131,1
382673743,ESSILOR LABORATORIES OF AM INC. DBA BELL OPTICAL,TX,76,2,59,2,,
208588211,"EUROSTAMPA NORTH AMERICA, INC.",OH,146,6,267,2,296,2
363459913,EVANS FOOD GROUP LTD,IL,144,2,409,10,570,1
371888955,EVE ENERGY NORTH AMERICA CORP,OH,,,3,1,8,4
270900879,"EVERGREEN RESOURCES, LLC",OH,,,23,1,,
843192180,"EVOLVE SOLUTIONS, LLC",OH,,,,,38,1
464113583,EXACT CARE PHARMACY LLC,OH,284,2,356,2,,
611624649,EXCELITAS TECHNOLOGIES,MA,774,2,794,2,1529,2
042801160,EXEL INC.,OH,21609,4,27987,4,42232,3
341224718,"EXPERT CRANE, INC.",OH,33,1,47,1,76,1
262828128,"EXPRESS, INC.",OH,,,,,3272,1
203319511,"FACILITYSOURCE, LLC",AZ,170,1,20,1,,
271931373,FAT HEADS BREWING LP,OH,,,46,1,68,1
311054769,"FAXON MACHINING, INC.",OH,129,2,122,2,154,2
311644350,FCX PERFORMANCE INC.,OH,635,2,1179,1,,
112270659,FESTO CORPORATION,NY,550,2,1013,2,1107,2
273929785,"FEW AUTOMOTIVE GLASS APPLICATION, INC.",OH,,,37,1,34,1
341545822,"FINDLAY MACHINE & TOOL, INC. D/B/A FMT, INC.",OH,49,1,49,1,,
208033614,FIRE-DEX LLC,OH,95,1,192,1,470,9
341014060,"FIRELINE, INC.",OH,108,2,109,2,97,2
341471454,"FIRST CHOICE PACKAGING, INC.",OH,62,1,62,1,84,1
204623678,"FIRST SOLAR, INC.",OH,2239,3,2616,2,3467,2
341339938,FIRSTMERIT CORPORATION,OH,6143,5,,,,
113158401,"FISHER HOUSE FOUNDATION, INC.",MD,29,1,30,1,40,1
264715674,FLECK MANUFACTURING,OH,,,5,1,6,1
133916524,FLIGHTSAFETY INTERNATIONAL INC.,OH,4116,2,6144,2,6490,2
352549748,"FLUVITEX USA, INC.",OH,,,,,105,2
843555353,FORGE BIOLOGICS INC,OH,,,,,298,2
272611716,"FORJAK INDUSTRIAL, INC.",OH,,,61,1,102,2
320536305,"FORMLABS OHIO, INC. DBA SPECTRA PHO",OH,,,36,1,59,1
882794171,"FORSEE POWER, INC.",OH,,,,,1,1
621554972,"FORWARD AIR, INC",TN,1923,1,3354,1,3887,1
341474815,"FOUNDATION SOFTWARE, LLC",OH,149,3,329,2,506,2
314183710,"FRANKLIN INTERNATIONAL, INC.",OH,335,4,385,4,448,4
382858208,FREUDENBERG - NOK GENERAL PARTNERSHIP,MI,4847,6,,,,
341965647,FULTON COUNTY PROCESSING,OH,,,119,2,119,1
341266185,"FULTON INDUSTRIES, INC.",OH,65,4,52,2,51,2
383928174,FUYAO GLASS AMERICA INC.,OH,233,1,3729,1,2207,2
341031008,"G&J PEPSI-COLA BOTTLERS, INC.",OH,2249,6,1892,6,1654,4
341145880,"G&S METAL PRODUCTS CO., INC.",OH,211,2,215,2,332,2
392059617,"GATEWAY LOGISTICS, INC.",OH,,,31,1,70,2
310568575,GAYSTON CORPORATION,OH,69,2,64,2,,
310733949,"GEIGER BROTHERS, INC.",OH,10,1,12,1,120,2
540582680,"GENERAL DYNAMICS LAND SYSTEMS, INC.",MI,6488,2,5898,1,5434,1
140689340,GENERAL ELECTRIC COMPANY,OH,490975,23,422409,22,163876,21
410274440,"GENERAL MILLS, INC.",MN,38080,18,20137,16,22757,19
310533100,GENERAL TOOL COMPANY,OH,310,1,335,1,302,1
340655810,GENT MACHINE CO,OH,43,1,51,1,68,1
310976407,GG BRANDS COMPANY LLC,OH,208,2,521,1,,
230628360,GLATFELTER CORPORATION,NC,5830,5,5707,5,1481,2
341400789,"GLAZING SYSTEMS, INC.",OH,,,5,1,4,1
412066094,GLOBAL BODY EQUIPMENT CO.,OH,100,2,68,1,44,1
275245539,GLOBAL CLEVELAND,OH,8,1,9,1,17,1
481299541,"GLOBAL COOLING, INC.",OH,,,105,2,,
811520982,"GLOBAL GRAPHENE GROUP, INC.",OH,,,49,1,55,1
340659953,"GOJO INDUSTRIES, INC.",OH,1574,3,2086,3,2373,2
814719550,GOODLEVEL ENTERPRISES LLC DBA,OH,,,33,1,63,2
383360436,GRAMINEX L.L.C.,MI,17,1,19,1,28,1
461560163,GRAPHIC VILLAGE LLC,OH,,,140,1,176,1
341015620,GREAT LAKES CHEESE CO,OH,2372,3,3507,2,4879,3
341102630,"GREEN CIRCLE GROWERS, INC.",OH,593,2,844,2,880,2
861365263,GREEN MEADOWS PAPER COMPANY,OH,,,,,80,1
340818723,"GREGORY INDUSTRIES, INC.",OH,290,2,224,2,265,2
341568276,"GRIFFETH AND SON TRUCKING, INC.",OH,,,9,1,,
133059174,"GROB SYSTEMS, INC.",OH,454,1,654,1,884,2
452676797,"GVS FILTRATION, INC.",OH,471,3,344,3,218,3
341488414,HALTEC CORPORATION,OH,81,1,121,2,184,2
310308370,HAMILTON CASTER & MFG. CO.,OH,95,3,84,3,77,3
310729027,HAMILTON SAFE CO.,OH,270,2,266,2,365,2
854302513,HANNECARD ROLLER COATINGS INC.,OH,,,,,36,1
611697358,"HANON SYSTEMS USA, LLC",MI,319,2,548,3,669,3
431680037,"HARBISONWALKER INTERNATIONAL, INC.",PA,316,5,3944,13,3336,11
341697384,"HARBOR CASTINGS, INC.",OH,47,1,65,1,84,1
770043660,HARDY DIAGNOSTICS,CA,354,3,541,3,670,3
310882102,HEARTH PRODUCT CONTROLS,OH,,,,,45,1
870574076,"HEMASOURCE, INC.",UT,29,1,75,1,133,2
311179223,HENNY PENNY CORPORATION,OH,664,5,1137,4,1377,4
344493159,"HERBERT E. ORR COMPANY, INC.",OH,59,1,64,1,67,1
272252732,HEROUX DEVTEK,OH,211,2,134,2,,
223114571,HIKMA PHARMACEUTICALS USA INC.,NJ,1075,2,2274,2,2525,2
341136697,HILLCREST EGG AND CHEESE COMPANY,OH,88,2,115,2,173,3
341374782,"HOFFMAN ANALYTIC SERVICES, INC.",OH,62,1,66,1,76,1
208826851,"HOMAGE, LLC",OH,,,76,1,132,1
581853319,"HOME DEPOT USA, INC.",GA,307253,9,368918,7,412232,3
831024049,HOMETOWN FOOD COMPANY,IL,,,236,1,367,2
310625744,"HONEYMOON PAPER PRODUCTS, INC.",OH,95,1,146,2,,
812246204,HOSANNA REVIVAL,OH,,,,,10,2
250317820,HOWMET AEROSPACE INC.,PA,49799,17,22651,16,12471,12
383214772,"HP PELZER AUTOMOTIVE SYSTEMS, INC.",MI,555,2,1006,2,815,2
262590893,"HSN, INC.",FL,8952,2,8195,1,,
341193031,HUMTOWN PATTERN COMPANY,OH,78,1,49,1,77,1
134133473,"HUNTER DEFENSE TECHNOLOGIES, INC.",OH,837,2,1129,2,1141,2
814598385,"HYDRAULIC MANIFOLDS, USA LLC",OH,,,27,1,19,1
823296382,HYDROFRESH LTD,OH,,,15,1,,
310617669,HYLAND MACHINE COMPANY,OH,24,1,23,1,25,1
341699247,"HYLAND SOFTWARE, INC.",OH,1827,3,3242,2,4119,2
340971763,"HYNES INDUSTRIES, INC.",OH,222,6,288,6,179,7
460717135,IMAGINE BAKING INC,OH,11,1,15,1,21,1
341263101,"IMCD US, LLC",OH,82,1,165,3,373,1
341237442,"IMCO CARBIDE TOOLS, INC.",OH,84,1,111,1,116,2
464091280,INCENTA REWARDS LLC,OH,,,,,3,1
520902777,INDEPENDENT CAN COMPANY,MD,395,2,403,2,572,2
311130926,"INDUSTRIAL GRINDING, INC.",OH,16,1,14,1,16,1
203815844,"INDUSTRIAL RELIABILITY AND REPAIR, LLC",OH,,,14,1,141,1
222988012,INEOS KOH INC.,OH,101,1,108,1,134,1
133290300,INEOS PIGMENTS USA INC.,MD,982,5,830,6,684,3
851418989,"INFINITY LABS, LLC",OH,,,,,50,1
201783964,"INFOTRUST, LLC",OH,,,38,1,123,2
273889959,"INGAGE PARTNERS, INC.",OH,36,1,117,2,,
743254340,"INNOVATIVE CARD SOLUTIONS, LLC",OH,,,2,1,8,2
474281000,INNOVATIVE CLEANING SERVIC,OH,,,4,1,3,2
382788802,"INOAC EXTERIOR SYSTEMS, LLC",OH,582,6,850,6,882,6
330989359,"INOGEN, INC.",CA,437,2,1249,2,1708,2
260902522,INSIGHT CATASTROPHE GROUP,NJ,127,2,248,2,560,2
911577949,"INTEGRATED STAIR SYSTEMS, INC.",WA,,,,,93,1
941672743,INTEL CORPORATION,CA,64535,17,73355,17,85013,17
130871985,INTERNATIONAL BUSINESS MACHINES CORPORATION,NY,294925,14,269426,14,179075,14
130872805,INTERNATIONAL PAPER COMPANY,TN,181544,28,83585,29,82269,30
860802110,"INTERNATIONAL TECHNICAL COATINGS, INC.",AZ,231,3,226,2,448,2
261226551,INTEVA PRODUCTS LLC,MI,1526,4,1512,4,1284,4
952680965,INVACARE CORPORATION,OH,2333,3,1837,4,1417,2
202093507,IRON CITY PIPE & SUPPLY,OH,15,1,11,1,13,1
208192116,"ISS AMERICA, INC.",OH,,,94,1,39,1
272696689,"ISSQUARED, INC.",CA,5,1,36,1,81,1
351989444,ITM MARKETING INC.,OH,68,1,77,1,68,1
570276334,J M SMITH CORPORATION,SC,1263,3,1882,2,908,2
341873488,"J.B.K. GROUP, INC.",OH,60,1,190,1,194,1
381888757,"JAC PRODUCTS, INC.",MI,1363,2,1910,2,1599,1
273409599,"JAFE DECORATING, INC.",OH,,,,,86,1
311277407,JBM PACKAGING COMPANY,OH,147,2,161,2,156,2
471425443,JCS MANUFACTURING LLC,OH,,,,,3,2
311239446,JEFFERSON INDUSTRIES CORP.,OH,603,1,725,2,707,2
340720629,"JO-ANN STORES, LLC",OH,25526,2,24715,2,22063,2
980208105,JOHNSON ELECTRIC NORTH AMERICA HOLDING INC.,OH,1005,2,988,2,1095,2
205125549,JPLC LLC DBA JUPMODE,OH,,,,,12,2
134994650,"JPMORGAN CHASE BANK, NATIONAL ASSOCIATION",NJ,301571,9,302478,9,293723,9
341949320,"JR MANUFACTURING, INC.",OH,202,2,313,2,246,2
813308222,"JSW STEEL USA OHIO, INC.",OH,,,333,1,345,1
471505953,JUGGERBOT 3D LLC,OH,,,,,4,1
341282776,"K & M INTERNATIONAL, INC.",OH,97,1,107,1,129,1
521762325,KADANT INC.,MA,623,3,944,3,1355,2
310332880,KAO USA INC.,OH,835,1,949,1,960,1
204014729,"KASPER HOLDINGS, LLC",OH,,,,,131,1
311309353,"KC ROBOTICS, INC.",OH,17,1,22,1,42,1
452583478,"KEIHIN THERMAL TECHNOLOGY OF AMERICA, INC.",OH,363,1,609,7,,
341019273,KEIM LUMBER COMPANY,OH,388,2,459,2,603,2
341942414,"KELLER LOGISTICS GROUP, INC.",OH,376,2,464,2,822,3
316034125,"KEMBA CREDIT UNION, INC.",OH,167,3,248,3,315,3
363621191,"KENO KOZIE ASSOCIATES, INC.",IL,212,1,332,4,,
990365994,"KLARNA, INC.",OH,7,1,131,1,955,2
362924281,"KOCH FOODS, INC.",IL,5213,1,5215,1,6790,1
133357362,"KOHL'S, INC.",WI,84968,2,95336,5,111393,3
351153549,"KOORSEN FIRE & SECURITY, INC.",IN,905,2,1363,2,1770,2
250542520,KRAFT HEINZ FOODS COMPANY,PA,51857,27,42132,14,29650,14
341152347,"KURTZ BROS., INC.",OH,258,2,348,2,501,2
311690460,"KUTOL PRODUCTS COMPANY, INC.",OH,168,3,175,2,198,2
341437898,"KYOCERA SGS PRECISION TOOLS, INC.",OH,297,1,308,3,470,2
341101709,"LAKE BUSINESS PRODUCTS, INC.",OH,145,1,156,1,132,1
310914553,"LAKE SHORE CRYOTRONICS, INC.",OH,177,2,193,2,291,2
900751535,"LAKEVIEW FARMS, LLC",OH,316,2,379,2,559,1
752781858,"LEGACY MEASUREMENT SOLUTIONS, INC.",TX,582,2,536,2,,
341879859,LEL OPERATING COMPANY,OH,,,270,1,,
341006008,"LEWCO, INC",OH,138,1,186,2,369,2
800356966,LG CHEM AMERICA,GA,,,38,1,199,1
222784107,LIBBEY GLASS LLC,OH,,,,,2349,11
450508423,LIBERTY CASTING CO AND AFFILIATES,OH,435,4,331,2,311,2
472870834,"LIBERTY STEEL INDUSTRIES, INC.",OH,97,2,271,3,371,3
340922427,"LINCOLN ELECTRIC AUTOMATION, INC.",OH,184,1,218,1,,
311471291,"LINKS UNLIMITED, INC.",OH,,,,,112,1
471351569,"LIONA ENTERPRISES, INC.",OH,,,8,1,43,2
310628033,LIQUI-BOX CORPORATION,VA,433,2,533,2,980,2
341229509,"LIVI STEEL, INC.",OH,42,1,42,1,41,1
311225519,"LONDON COMPUTER SYSTEMS, INC.",OH,122,2,255,2,437,2
341689472,LORIS PRINTING,OH,,,,,8,1
463689142,"LOWER, LLC000000000",MD,123,1,458,2,1615,1
475146583,"LOYAL HEALTH, INC",GA,,,,,169,1
340970366,"LUKE MANUFACTURING COMPANY, INC.",OH,61,2,68,2,82,2
753060494,LULULEMON ATHLETICA USA,,2573,1,9090,2,7792,1
621260875,M & M INDUSTRIES INC,TN,280,1,400,1,503,9
311435433,MACA PLASTICS,OH,42,1,,,,
473134140,MADDOX INDUSTRIAL TRANSFORMER,SC,,,19,1,184,2
451257111,"MADTREE BREWING, LLC",OH,,,,,0,1
310559326,MAGNA MACHINE CO.,OH,133,2,143,2,185,3
341134243,MAJOR METALS COMPANY,OH,53,3,65,1,89,1
311422564,MANIFEST SOLUTIONS CORP.,OH,,,75,1,99,1
341059601,"MAR-BAL, INC.",OH,510,2,521,2,627,2
111986323,MARCUM LLP,NY,1782,2,2634,2,4923,4
621151687,"MARELLI NORTH AMERICA, INC.",TN,2547,4,2950,4,3929,5
473582799,MARK ONE MANUFACTURING,OH,,,,,4,1
341972762,MARK-ALL ENTERPRISES LLC,OH,25,1,19,1,22,3
311752403,MASTERS PHARMACEUTICAL INC,OH,375,2,,,,
471779165,MASTERS PRECISION MACH INC,OH,,,,,11,1
421769430,"MATSU OHIO, INC.",MI,265,1,,,,
262958880,MATTINGLY COLD STORAGE,OH,21,1,37,1,59,1
270176680,MAUMEE ASSEMBLY AND STAMPING,OH,,,137,2,142,2
310885143,"MCCARTHY INDUSTRIAL CONTRACTORS, INC.",OH,2,1,2,2,2,2
263498215,MCDANIEL PRODUCTS INC. DBA AUTOMATIC PARTS,OH,20,1,18,1,15,1
943207296,MCKESSON CORPORATION - DELAWARE,TX,40876,11,44699,6,44457,5
311495395,"MCKNIGHT INDUSTRIES, INC.",OH,18,1,13,1,11,1
741478631,"MCLANE COMPANY, INC.",TX,20157,3,26298,3,30598,4
271235638,MCM CPAS & ADVISORS LLP,KY,307,2,511,2,513,3
630139000,"MCWANE, INC",AL,3631,19,4134,17,5266,11
340903894,MEDINA PLATING CORP.,OH,59,1,115,2,,
311474045,MEDISYNC INC.,OH,89,1,111,1,126,2
362596612,"MEDLINE INDUSTRIES,LP",IL,7705,2,13017,2,24970,2
753033627,"MEDPACE, INC.",OH,1529,3,2189,3,3462,3
390989248,"MENARD, INC.",WI,29514,4,36286,2,50999,2
311161086,MERCY HEALTH,OH,3338,5,2412,4,,
222451241,MERIDIENNE INTERNATIONAL INC,OH,18,1,32,1,,
453790057,"METALX, LLC",IN,143,2,225,2,233,2
270541571,"MIAMI VALLEY PACKAGING SOLUTIONS, INC.",OH,17,1,34,1,42,1
311786929,"MIBA BEARINGS US, LLC",OH,483,3,264,4,577,3
383825650,MIBA ENERGY HOLDING LLC,OH,9,1,15,1,25,1
300931047,MICC MFG,OH,,,,,2,1
262908300,"MIDDLE WEST SPIRITS, LLC",OH,,,,,32,1
344269370,MIDMARK CORPORATION,OH,1246,2,1678,2,2467,2
310516359,MIKE-SELL'S POTATO CHIP COMPANY,OH,136,2,61,1,76,2
474094933,"MILE TWO, LLC",OH,,,33,1,116,2
421769575,"MITEC POWERTRAIN, INC.",OH,,,234,1,,
831235047,"MIX TALENT, LLC",OH,,,24,1,129,2
471923176,MIXT SOLUTIONS LLC,OH,,,3,1,16,1
010499341,MODULA INC,ME,101,1,123,1,225,5
146075575,MOHAWK FINE PAPERS INC.,NY,752,7,734,5,635,5
341839929,MOMENTIVE PERFORMANCE MATERIALS,OH,,,,,635,3
208764829,"MORGAN STANLEY DOMESTIC HOLDINGS, LLC",NY,59666,16,61784,8,80740,8
251151457,MORGAN TRAILER MFG CO.,PA,3725,3,,,,
311177346,MORIROKU TECHNOLOGY NORTH AMERICA INC.,OH,1067,3,1216,2,797,3
550688163,"MOUNTAINEER PRODUCTS, INC.",OH,,,0,1,67,1
311567260,"MPW INDUSTRIAL SERVICES GROUP, INC.",OH,1844,1,2453,1,2767,1
311014212,"MPW INDUSTRIAL SERVICES, INC.",OH,1236,1,1515,1,1645,1
271499609,"MRI SOFTWARE, LLC.",OH,387,2,1063,2,1300,3
815429950,MUCCI FARMS,OH,,,13,1,,
341440886,MULLET CABINET,OH,244,3,252,3,202,3
311125853,MULTI-COLOR CORPORATION,IL,2188,3,3102,3,5337,4
341845975,"MUM INDUSTRIES, INC.",OH,,,125,1,94,1
472961066,N-OVATION TECHNOLOGY GROUP,OH,,,,,9,2
262606260,N2Y LLC,OH,,,104,1,233,1
271764977,NAPOLEON MACHINE,OH,,,16,1,39,3
471253460,"NASDAQ ENTREPRENEURIAL CENTER, INC.",MD,,,34,1,42,1
522314113,NATIONAL ASSOCIATION OF CORPORATE DIRECTORS,VA,84,1,145,2,202,2
204752011,NATIONAL AUTOMOTIVE EXPERTS,OH,83,1,,,,
341269925,"NATIONAL DOOR & TRIM, INC.",OH,72,1,75,1,,
473252445,"NATURE FRESH FARMS USA, INC.",OH,,,99,2,130,2
311609501,NATURES ONE INC,OH,32,1,41,1,132,1
311092812,"NEATON AUTO PRODUCTS MFG., INCORPORATED",OH,1487,3,1028,2,841,2
341846562,"NELSON PACKAGING COMPANY, INC.",OH,99,1,95,1,175,1
951572209,"NESTLE USA, INC. SAVINGS PLAN ADMINISTRATION",OH,52831,18,44615,15,50603,14
311178698,"NEW HORIZONS BAKING COMPANY, LLC",OH,333,4,341,4,358,4
311441978,NEXCERIS LLC,OH,45,1,58,1,79,1
261997145,NEXEN TIRE AMERICA TECHNOLOGY CENTER,OH,18,1,,,,
270340105,"NEXIENT, LLC",TX,365,2,412,2,930,1
208333491,"NEXT GENERATION FILMS, INC.",OH,354,2,582,2,,
760795388,"NEXUS ENGINEERING GROUP, LLC",OH,75,1,130,2,244,4
344306440,NIDEC MINSTER CORPORATION,OH,839,3,721,2,636,2
273330722,NIDEC MOTOR CORPORATION,MO,6332,5,4687,4,5356,4
341797943,NORTH STAR BLUESCOPE STEEL LLC,OH,432,2,477,2,656,2
341930826,"NORTHERN STAMPING, INC.",OH,173,2,162,1,226,1
232790930,NORTHWEST BANK,PA,3008,6,3412,4,3486,4
205877688,"NOSTRUM LABORATORIES, INC.",MO,143,1,195,2,275,2
341205930,"NOTTINGHAM SPIRK DESIGN ASSOCIATES, INC.",OH,60,1,67,1,71,1
454498851,"NPW-USA, INC.",OH,28,1,71,1,30,2
341899036,NRP INVESTMENTS LLC,OH,516,2,829,2,988,2
263444991,NSI CRANKSHAFT LLC,OH,144,2,116,1,139,1
471671054,"NULLABLE, INC.",OH,,,,,133,2
843382410,NUVIK USA,OH,,,,,14,1
760704915,NUWAVES ENGINEERING,OH,64,1,85,1,35,1
133537004,"NX AUTOMOTIVE LOGISTICS USA, INC.",OH,388,5,574,1,567,1
860221312,"O'REILLY AUTO ENTERPRISES, LLC",MO,0,1,12135,3,12457,3
812174460,OAT OVERNIGHT INC,AZ,,,,,169,1
471842264,OCULII CORP,OH,4,1,25,1,,
310807991,"ODW LOGISTICS, INC.",OH,771,2,993,2,1361,2
043689503,"OHIO ASSOCIATED ENTERPRISES, LLC",OH,161,2,163,2,118,1
832600215,OHIO BEEF USA LLC,MO,,,262,3,262,1
341721701,"OHIO ORDNANCE WORKS, INC.",OH,,,76,1,96,1
820878051,"OHIO PACK, LLC",OH,,,13,1,,
314427476,OHIO STEEL INDUSTRIES,OH,216,2,312,2,505,2
464455633,"OLIVE AI, INC.",OH,,,158,2,,
341646871,"OMNI SYSTEMS, INC.",OH,83,1,139,2,224,2
208040748,"OPRONA, INC. DBA ROSEN USA, INC.",TX,355,2,498,2,772,2
680208702,"OPTION CARE HEALTH, INC.",IL,4815,1,5256,2,8608,2
463981791,"OPUS PACKAGING GROUP, INC.",MI,205,1,315,2,809,2
463229764,ORCHESTRATE LLC,OH,,,,,6,1
310913012,"OREGON VILLAGE PRINT SHOPPE, INC. DBA OREGON PRINTING",OH,14,1,12,1,,
200277513,OREILLY PRECISION PRODUCTS,OH,,,,,19,1
911461045,"OTSUKA AMERICA, INC.",CA,95,1,4276,2,4912,1
341522786,"OVERDRIVE, INC.",OH,221,1,,,564,1
462196621,"P & L METALCRAFTS, LLC",OH,,,19,1,18,1
341667697,"P. GRAHAM DUNN, INC.",OH,106,1,219,3,217,2
910351110,PACCAR INC,WA,15646,12,15072,13,16537,6
362552989,PACTIV LLC,IL,68280,2,58828,2,19659,1
314274980,PALMER-DONAVIN MANUFACTURING COMPANY,OH,479,2,698,2,663,2
383907747,PARADIGM INDUSTRIAL LLC,OH,,,11,1,17,1
452349532,"PARAGON TEMPERED GLASS, LLC",MI,135,1,136,1,115,1
834257094,PARKS ELECTRICAL SERVICES LLC,OH,,,7,1,18,1
204772714,PAS TECHNOLOGIES INC.,MO,430,2,,,,
200378455,PATH FORWARD CONSULTING,OH,170,1,358,2,631,2
832135454,"PATH ROBOTICS, INC",OH,,,16,1,225,2
311299990,"PAYCOR, INC.",OH,936,2,2069,2,2935,2
820515535,"PEAK FOODS, LLC",OH,71,1,88,1,98,1
344402833,PEERLESS STOVE & MANUFACTURING,OH,13,1,14,1,24,1
251487618,"PEERLESS-WINSMITH, INC. C/O HBD INDUSTRIES, INC.",OH,388,2,,,,
611322994,"PEGASUS INDUSTRIES, LLC",KY,54,1,108,1,286,2
420497670,PELLA CORPORATION,IA,7257,2,8521,2,11593,2
822684125,PENGUIN CITY BREWING COMPANY,OH,,,2,1,,
350577170,"PERFECTION BAKERIES, INC.",IN,1024,4,1163,4,1361,4
852766469,"PERFORMANCE RESULTS PLUS, INC.",OH,,,,,10,1
344473514,PERRY PROTECH,OH,270,2,380,2,304,2
770584954,"PERSISTENT SYSTEMS, INC.",CA,513,2,,,854,1
311635680,"PETER CREMER NORTH AMERICA, LP",OH,215,2,326,2,388,2
310733680,"PETLAND, INC",OH,53,1,123,3,220,2
311669229,PHILLIPS EDISON & COMPANY LTD,OH,382,2,614,2,414,2
611493910,PHILLIPS MEAT PROCESSING LLC,OH,14,1,,,,
134212209,"PILLAR TECHNOLOGY GROUP, LLC",OH,192,2,417,2,,
341293999,PINNACLE PRESS INC.,OH,,,,,7,1
341827361,"PINNACLE TECHNOLOGY GROUP, INC.",MI,96,1,98,1,84,1
831623694,PIXELLE SPECIALTY SOLUTIONS LLC,PA,,,1680,4,2212,4
274037334,"PLASTIC PACKAGING TECHNOLOGIES, L.L.C.",KS,226,2,331,2,486,2
861564797,PLATINUM RECOVERY LLC,OH,,,,,3,1
341210426,"PLEASANT PRECISION, INC.",OH,48,1,42,1,55,1
300389878,PLEASANT VALLEY TRAILERS,OH,44,1,213,1,210,1
201626973,PLIBRICO COMPANY LLC,IL,94,2,103,2,93,2
421613564,"PLOGER TRANSPORTATION, LLC",OH,44,1,54,1,96,1
341570807,"POLYCHEM, LLC",OH,349,3,543,2,774,1
341148853,"POLYMERICS, INC.",OH,53,1,44,1,48,1
310854367,"POSITROL, INCORPORATED",OH,31,1,34,2,34,2
250730780,"PPG INDUSTRIES, INC.",PA,25778,46,25383,24,27173,18
341174227,PRC-SALTILLO,OH,208,3,288,3,396,3
208115228,PREMIER DEVELOPMENT PARTNERS LLC,OH,11,1,14,1,20,1
850848748,"PREMIER GLOBAL TRANSPORTATION, LLC",OH,,,,,17,1
260546656,"PRIME AE GROUP, INC.",OH,288,2,429,2,602,2
340894745,"PRINCIPLE BUSINESS ENTERPRISES, INC.",OH,245,2,347,2,466,2
251635459,PRO-TEC COATING COMPANY,OH,329,2,397,2,763,2
611403731,"PRODUCE PACKAGING, INC.",OH,118,1,180,1,195,1
341517671,"PROMEDICA HEALTH SYSTEM, INC.",OH,16527,5,19307,4,21076,4
825076139,PROTO PRECISION ADDITIVE LLC,OH,,,6,2,,
320311521,"PUI AUDIO, INC.",OH,,,15,1,25,2
910699706,PYROTEK INCORPORATED,WA,931,2,992,2,888,2
311163734,Q LABS LLC,OH,134,1,113,1,190,3
850997867,QQE SUMMIT LLC,OH,,,,,123,2
113751366,"QUALITY ELECTRODYNAMICS, LLC",OH,119,2,178,2,191,2
646016768,QUALITY STEEL CORPORATION,MS,236,7,264,7,,
364670631,"QUALMED PHARMACY, INC.",CO,10,1,21,1,,
208423895,"QUANTUM HEALTH, INC.",OH,453,2,990,2,2101,2
341402791,"QUES INDUSTRIES, INC.",OH,,,26,1,32,3
311393419,"QUEST GLOBAL SERVICES N.A., INC.",CT,1382,2,2017,2,2416,2
311423221,"R&L CARRIERS, INC.",OH,9695,2,10920,2,18836,2
311290621,"R&R TOOL, INC.",OH,,,,,124,2
341761583,"R.L. COLE ENTERPRISE, INC.",OH,,,7,1,6,1
340673444,R.W. BECKETT CORPORATION,OH,178,2,174,2,355,2
822889106,"RAYCO MANUFACTURING, LLC",OH,,,175,2,,
800065827,"RAYMOND STORAGE CONCEPTS, INC.",OH,113,2,,,,
341353186,"RBB SYSTEMS, INC.",OH,72,1,73,1,56,1
208679477,"REALEFLOW, LLC",OH,,,,,29,1
341480627,REIFEL INDUSTRIES INC.,OH,110,2,119,2,234,2
853157191,RELIABILITY INSPECTIONS LLC,OH,,,,,14,1
311144772,"REPACORP, INC.",OH,139,1,157,2,222,2
311332047,REPLEX MIRROR COMPANY DBA REPLEX PLASTICS,OH,21,1,30,1,31,1
200485783,REPUBLIC STEEL,OH,2358,2,1318,2,1027,2
471991500,"RESONANT SCIENCES, LLC",OH,8,1,22,1,117,2
260869685,"RESONETICS, LLC",NH,117,2,305,2,1150,2
341778077,REVENUE ASSISTANCE CORP. THE REVENUE GROUP,OH,224,1,350,3,403,2
311581466,"REVLOCAL, LLC",OH,186,2,408,2,532,3
920191641,"RHINOSYSTEMS, INC.",OH,,,,,58,1
311399268,RIDGE CORPORATION,OH,85,1,137,2,370,5
341848737,RIFFLE MACHINE WORKS,OH,162,1,283,5,355,3
341715965,"RIMECO PRODUCTS, INC.",OH,36,1,57,1,,
311462897,RIPLEY METALWORKS,OH,,,,,37,1
311341799,"RIPPLE JUNCTION DESIGN CO., INC.",OH,66,1,76,1,136,2
464760127,"RISE BRANDS, INC.",OH,,,,,166,1
200154319,"RMF NOOTER, LLC",MO,5,1,6,1,,
310875005,"RMI TITANIUM CO., LLC",PA,,,972,6,564,4
351491046,"ROBINSON FIN MACHINES, INC.",OH,46,1,50,1,59,1
311364046,"ROCKY BRANDS, INC.",OH,560,2,465,2,727,2
340897539,ROGERS INDUSTRIAL PRODUCTS INC,OH,27,1,39,1,71,1
811341860,ROLLING ENTERPRISES INC. DBA CAT-WOOD METALWORKS,OH,,,30,2,30,2
874718796,ROSS ALUMINUM,OH,,,,,0,1
834545895,"ROTARY SEAMER SPECIALIST GROUP, LLC",OH,,,,,0,1
834693967,RSL LLC,NJ,,,,,99,2
341563471,"RUDOLPH FOODS COMPANY, INC.",OH,328,4,796,4,687,2
465133072,RUST BELT RIDERS COMPOSTING,OH,,,5,1,13,1
471235128,"RXQ COMPOUNDING, LLC",OH,,,16,1,25,2
341756687,"S.I. DISTRIBUTING, INC.",OH,14,1,16,1,19,1
380655810,"SAF-HOLLAND, INC.",MI,1504,6,1420,6,1293,6
465425790,SAGE SUSTAINABLE ELECTRONICS L,OH,18,1,118,1,290,2
061251791,"SAMUEL, SON & CO. (USA), INC",IL,414,1,2193,13,4548,6
340968517,SANDUSKY PACKAGING CORPORATION,OH,49,1,48,1,50,1
221717737,"SANDVIK, INC.",NC,6402,10,5844,9,4853,10
930797222,"SAREPTA THERAPEUTICS, INC.",MA,217,2,575,2,1415,2
952546613,"SATCO, INC.",CA,303,2,479,2,438,2
943450803,SATELYTICS INC,OH,,,,,28,1
344346145,SAUDER WOODWORKING CO.,OH,2216,3,2695,3,3348,2
208413312,SC STRATEGIC SOLUTIONS,OH,12,2,27,2,80,1
311692695,"SCENIC SOLUTIONS, LLC",OH,17,1,30,2,56,2
341273548,SCHAEFFER S TANK & TRUCK,OH,,,,,5,1
311418092,"SCHLABACH WOOD DESIGN, INC.",OH,,,,,100,1
262885325,"SCOTT STEEL, LLC",OH,,,34,2,57,2
270733710,SEAL-TITE LLC,OH,,,,,126,1
202057743,"SEARCH DISCOVERY, INC",GA,36,1,117,1,,
204212631,SEKISUI PLASTICS USA INC.,TN,57,1,160,1,87,2
200070121,"SENTRILOCK, LLC",OH,113,2,163,2,232,2
341913858,"SEQUOIA FINANCIAL GROUP, LLC",OH,35,1,,,194,1
341570556,"SETEX, INC.",OH,566,2,605,2,485,2
954015700,"SHIN-ETSU SILICONES OF AMERICA, INC.",OH,209,3,228,3,311,3
880094415,"SIERRA NEVADA COMPANY, LLC",NV,3219,2,4689,2,6660,2
205699765,SILFEX INC.,OH,301,1,636,1,,
943196943,"SIMPSON MANUFACTURING CO., INC",CA,1729,3,2626,2,3189,2
273674322,"SK FOOD GROUP, INC.",AZ,930,2,1492,2,2824,2
811781311,"SKYLIGHT PARTNERS, INC.",OH,,,15,1,37,1
461590730,"SLAINTE HEALTHCARE SERVICES, INC.",OH,,,19,1,331,1
371700146,SOFIDEL AMERICA CORP.,PA,347,2,1244,2,1971,2
341499502,"SOLMET TECHNOLOGIES, INC.",OH,63,1,54,1,63,1
953323502,"SOTERA HEALTH, LLC",OH,847,2,1425,1,,
310918771,"SOUTHERN OHIO COMMUNICATION SERVICES, INC.",OR,,,,,11,1
344360680,SPANGLER CANDY COMPANY,OH,430,3,550,3,547,3
311551430,SPEEDWAY LLC,TX,28640,26,33741,14,39420,2
811145148,SPERRY & RICE LLC,OH,137,1,96,2,80,2
473309055,SPEYSIDE BOURBON COOPERAGE INC,OH,,,265,1,681,1
043590028,SPRAY PRODUCTS CORPORATION,PA,102,1,219,2,258,2
844810330,"SPRINTS, LLC",OH,,,,,3,1
825105839,SRF OHIO LLC,OH,,,418,2,,
421772220,"SRI OHIO, INC.",OH,53,1,90,2,96,1
371418273,"ST ENGINEERING HACKNEY, INC",NC,609,2,824,2,633,2
980390818,ST. BERNARD SOAP COMPANY,OH,783,5,389,6,403,3
311439596,STA-WARM ELECTRIC COMPANY,OH,,,,,9,1
842268150,STAKES MANUFACTURING LLC,OH,,,37,1,215,2
863801176,"STANDARD MACHINE, LLC",OH,,,,,21,1
202694812,STANDARD TECHNOLOGIES,OH,,,63,1,92,2
431192063,STANLEY ELECTRIC US CO INC.,OH,996,2,820,2,,
264346624,"STAR DISTRIBUTION AND MANUFACTURING, LLC",OH,58,1,32,1,38,1
311424288,STAR DYNAMICS CORPORATION,OH,31,1,36,1,53,1
341576726,"STAR TURBINE, INC.",OH,45,1,41,2,63,1
310829698,STARWIN INDUSTRIES,OH,38,1,34,1,,
340552740,STATE INDUSTRIAL PRODUCTS,OH,918,6,798,6,797,5
341709712,STAUB LASER CUTTING INC,OH,10,1,,,,
310997825,"STEED HAMMOND PAUL, INC.",OH,106,1,103,1,113,1
311645116,STEELIAL INC.,OH,,,14,1,,
223062521,"STEELITE INTERNATIONAL USA, INC.",OH,89,1,116,1,237,3
311314876,"STEINER EOPTICS, INC.",OH,,,70,1,77,1
341482024,STERIS CORPORATION,OH,6356,5,8647,4,12391,4
310783143,"STEWART-MACDONALD MFG. CO., INC.",OH,54,1,89,1,139,1
141831492,STONECROP TECHNOLOGIES LLC,CA,,,296,2,,
311225301,SUGAR CREEK PACKING CO.,OH,1217,2,1915,2,2829,2
222760260,"SUNSTAR ENGINEERING AMERICAS, INC.",OH,158,2,164,2,175,2
340806947,"SUPERIOR ALUMINUM PRODUCTS, INC.",OH,38,1,62,1,61,1
340564691,"SUPERIOR DAIRY, INC.",OH,229,2,274,2,309,2
310999166,"SUPERIOR MARINE WAYS, INC.",OH,106,1,101,1,143,1
202552348,"SURGERE, INC.",OH,31,1,43,1,94,1
310671786,SUTPHEN CORPORATION,OH,305,3,358,3,322,3
340688825,SWAGELOK COMPANY,OH,5104,2,5777,2,6940,2
341897652,SYNTHOMER INC.,OH,3152,3,2723,3,2492,3
314244940,T. MARZETTI COMPANY,OH,245,3,236,2,270,2
363143159,TAIHO CORPORATION OF AMERICA,OH,156,2,291,2,288,2
461515066,TALIS CLINICAL LLC,OH,23,1,62,1,95,1
341954882,TARPSTOP,OH,55,1,103,1,115,1
260349166,"TE-CO MANUFACTURING, LLC",OH,56,1,56,1,64,1
830421014,TECH R2,OH,,,13,1,,
310826775,"TECHMETALS, INC.",OH,131,2,224,2,190,2
341313085,"TECHNICOTE, INC.",OH,235,1,179,2,190,2
522108862,TEIJIN AUTOMOTIVE TECHNOLOGIES,MI,2376,2,3944,3,4742,3
760356084,TEIKOKU USA INC.,PA,104,2,120,2,149,2
811354314,TEKION CORP,CA,,,32,1,665,2
223286312,"TEKNI-PLEX, INC.",PA,2111,3,2900,3,3245,3
273454290,"TEMEG HOLDINGS, INC.",OH,118,3,251,2,358,2
272624327,TERRASMART LLC,FL,,,85,1,,
860566930,"TESSENDERLO KERLEY, INC.",AZ,518,2,663,2,597,2
815387175,TEST-FUCHS CORPORATION,OH,,,16,2,27,2
844259995,THALER MACHINE COMPANY LLC,OH,,,,,138,3
341670663,"THE ADCOM GROUP, INC.",OH,179,2,152,1,167,2
541163725,THE AES CORPORATION,VA,2514,2,2003,2,3116,2
371591120,THE AKA TEAM,OH,,,9,1,,
341690243,THE ANDERSON-DUBOSE COMPANY,OH,239,5,238,3,268,3
202779385,THE AZEK GROUP LLC,IL,792,1,1300,2,2189,2
132933685,THE BABCOCK & WILCOX COMPANY,OH,7803,14,7259,6,6551,6
231269309,"THE BON-TON DEPARTMENT STORES, INC.",PA,24065,4,,,,
340142230,THE CHILCOTE COMPANY,OH,436,5,315,5,155,1
340714585,THE CLEVELAND CLINIC FOUNDATION,OH,56922,5,59852,5,71821,5
300609496,THE CLEVELAND FOUNDRY,OH,,,,,10,1
341644643,THE CLEVELAND VIBRATOR COMPANY,OH,27,1,41,1,61,1
311313904,"THE CONNOR GROUP, A REAL ESTATE INVESTMENT FIRM, LLC",OH,304,4,447,4,566,4
340176110,THE DAVEY TREE EXPERT COMPANY,OH,6205,4,5927,4,12594,3
314190600,THE GLOCKNER CHEVROLET COMPANY,OH,387,2,483,2,446,2
340253240,THE GOODYEAR TIRE & RUBBER COMPANY,OH,34241,29,26660,30,22457,30
340689355,THE GREAT LAKES CONSTRUCTION CO.,OH,140,2,166,2,173,2
311623179,"THE HILLMAN GROUP, INC.",OH,2287,2,3133,2,4170,2
810608730,THE HILSINGER COMPANY,MA,247,3,382,3,482,3
205839715,THE IMPERIAL ELECTRIC COMPANY,OH,29,1,,,,
310345740,THE KROGER CO.,OH,215908,8,227916,8,247911,8
340359955,THE LINCOLN ELECTRIC COMPANY,OH,4003,5,4981,4,6713,3
310287650,THE LOUIS G. FREEMAN COMPANY,OH,76,1,78,1,,
340367600,THE LUBRIZOL CORPORATION,OH,7830,11,8729,8,6038,6
340690321,THE MALISH CORPORATION,OH,115,1,108,1,121,2
340898426,"THE MCALEAR GROUP, INC. DBA SERVICE SPRING CORP.",OH,343,2,247,2,435,2
344302060,THE MENNEL MILLING COMPANY,OH,303,3,594,2,753,2
341145087,THE NOCK AND SON COMPANY,OH,20,1,20,1,21,1
314270490,THE OHIO MANUFACTURERS' ASSOCIATION,OH,14,1,17,1,22,1
113747263,"THE PAINTING CONTRACTOR, LLC",OH,,,,,19,1
340471740,THE PRINCE & IZANT COMPANY,OH,112,2,130,2,174,2
340697598,THE SANSON COMPANY,OH,139,2,166,3,218,2
340526850,THE SHERWIN-WILLIAMS COMPANY,OH,57650,9,56029,9,63090,8
410543420,THE SMEAD MANUFACTURING COMPANY,MN,1897,3,1339,3,830,2
311381123,THE ULTRA-MET COMPANY,OH,57,1,111,2,128,2
310410580,THE WILLIAM POWELL COMPANY,OH,243,2,169,2,77,1
314130940,THE WILSON BOHANNAN COMPANY,OH,36,1,36,1,34,1
900951383,"THEKEN COMPANIES, LLC",OH,23,1,55,1,,
341923454,THERMA-TRU CORP.,OH,1221,2,,,,
311401876,"THERMOSEAL, INC.",OH,24,2,32,2,47,2
010656293,THOMASLANE INC.,OH,,,,,75,1
341302396,TIFFIN METAL PRODUCTS,OH,71,2,76,2,113,3
472241600,TIGER PISTOL,TX,,,0,1,65,1
311205501,"TIGERPOLY MANUFACTURING, INC.",OH,318,2,529,2,442,2
830593246,"TIMBERLANE FINISH SOLUTIONS, LLC",OH,,,,,7,1
311119067,TNT EQUIPMENT COMPANY,OH,58,1,56,1,58,1
341612053,"TOLEDO MOLDING & DIE, INC.",OH,1858,5,1194,4,1246,2
344472215,"TOLEDO TOOL & DIE CO., INC.",OH,149,1,248,2,514,2
471035156,TOPCO AMERICA LLC,OH,,,133,1,337,1
341158960,"TOPCRAFT, INC.",OH,19,1,17,1,,
980380782,TOPRE AMERICA CORPORATION,AL,597,2,920,2,1925,2
205152109,"TOTAL QUALITY LOGISTICS, LLC",OH,2886,1,5751,2,10203,2
581493818,"TOTAL SYSTEM SERVICES, LLC",GA,8794,7,11248,6,14640,1
260440499,"TOWER AUTOMOTIVE OPERATIONS USA I, LLC",MI,4969,1,4589,1,2548,1
300869183,TPAM,OH,,,,,15,1
383933363,TRACTION ON DEMAND US INC,TX,,,45,1,,
133139732,TRACTOR SUPPLY COMPANY,TN,11024,3,31469,3,53609,3
311044595,"TRANS-STATES EXPRESS, INC",OH,12,1,13,1,19,1
200027233,"TRANSGLOBAL, INC.",OH,27,1,71,1,143,2
311228202,TRANSPORTATION RESEARCH CENTER INC.,OH,460,3,471,2,454,2
831502676,"TREW, LLC",OH,,,,,415,1
364883768,"TRI-TECH LABORATORIES, LLC",NJ,,,,,461,1
311068810,TRIO TRUCKING INC.,OH,54,1,50,1,40,1
203581585,"TRIVERSITY CONSTRUCTION, LLC",OH,52,1,114,1,96,1
341727300,TRIVIUM PACKAGING,OH,464,6,390,7,864,1
582514686,"TRONAIR, INC.",OH,132,2,369,2,392,2
341705149,"TROY INNOVATIVE INSTRUMENTS, INC.",OH,46,1,42,1,39,1
261737051,"TRUE INSPECTION SERVICES, LLC",OH,13,1,45,1,70,1
311437701,"TS TECH AMERICAS, INC.",OH,6997,2,4105,2,3729,2
113705112,"TTL ASSOCIATES, INC.",OH,96,1,93,1,,
752303920,"TYLER TECHNOLOGIES, INC.",TX,3297,3,5231,3,8973,2
363435795,"UGN, INC.",IL,1531,3,1886,3,1911,3
341832279,UMD AUTOMATED SYSTEMS,OH,69,1,67,1,59,1
621551944,UMICORE USA INC.,NC,888,3,830,2,726,3
341108705,"UNI-GRIP, INC",OH,77,2,94,2,88,2
752459038,"UNICONTROL, INC.",OH,,,55,1,,
341084436,UNION HOME MORTGAGE CORPORATION,OH,301,2,1145,2,1590,2
364894629,UNION METAL INDUSTRIES CORPORATION,OH,,,,,135,3
363104688,UNION TANK CAR COMPANY,IL,2668,9,3211,1,,
742099724,"UNITED AIRLINES, INC.",IL,119004,13,116996,12,118641,12
341403360,"UNITED EQUITY, INC.",OH,40,1,46,2,40,1
133246026,UNITED GRINDING NORTH AMERICA IN,OH,165,2,185,2,190,2
911347935,UNIVAR SOLUTIONS USA INC.,IL,5583,6,5850,4,8613,4
311380080,UNIVERSAL PRODUCTION CORPORATION,OH,176,2,126,1,187,4
340714775,UNIVERSITY HOSPITALS HEALTH SYSTEM,OH,28615,7,30320,6,34924,6
310536715,UNIVERSITY OF DAYTON,OH,4556,3,5103,4,6244,3
412194439,"UNIVERSITY TEES, INC",OH,0,1,85,1,118,2
340936989,UNVERFERTH MANUFACTURUNG CO. INC.,OH,1063,2,906,2,1182,2
262786046,UPDOX LLC,OH,15,1,108,1,,
272364762,UPRYS LLC,OH,,,,,26,1
454660612,"UPSTART NETWORK, INC.",CA,,,,,2060,2
208104524,"USA VINYL, LLC",OH,30,1,101,2,136,2
133744485,"VALEO NORTH AMERICA, INC.",MI,4099,7,5544,3,5839,6
472420000,"VALGROUP NORTH AMERICA, INC.",OH,0,1,143,2,150,2
311274364,"VALUED RELATIONSHIPS, INC.",OH,252,2,371,2,512,1
800455983,"VAZQUEZ COMMERCIAL CONTRACTING, LLC",MO,,,,,73,1
208235463,VEEVA SYSTEMS INC.,CA,564,2,1609,2,4265,2
310547954,"VEGA AMERICAS, INC.",OH,301,2,256,1,462,5
311728288,VELOCYS INC,OH,132,1,89,1,67,1
475253747,VEONEER BRAKE SYSTEMS LLC,OH,,,192,1,138,1
800631677,"VIGILANT, LLC DBA VIGILANT TECHNOLOGY SOLUTIONS",OH,5,1,20,1,,
311564962,"VINYLMAX, LLC",OH,137,2,143,2,346,2
311012711,VITATOE INDUSTRIES INC,OH,,,142,1,170,1
340891000,"VOSS INDUSTRIES, INC. EMPLOYEE STOCK OWNERSHIP PLAN AND TRUST",OH,291,2,170,1,,
311450435,"VYA, INC.",OH,35,1,42,1,57,1
341452106,"W.C. FELTON AGENCY, INC. D/B/A UNITED INSURANCE SERVICE",OH,92,1,109,1,122,1
263039980,"WAGENBRENNER DEVELOPMENT, INC.",OH,,,53,1,151,2
341096771,WAGNER MACHINE INC.,OH,29,1,,,,
361924025,WALGREEN CO.,IL,269600,18,255822,3,273508,5
941647336,WALKENHORST'S,NV,44,1,92,1,162,1
133607217,"WAREHOUSE ASSOCIATES, L.P.",OH,9,2,9,1,7,1
453065980,"WARHOL & WALL ST., LTD",OH,,,2,1,2,1
311176515,"WEASTEC, INC.",OH,349,2,177,2,196,2
341059179,"WEBSTER INDUSTRIES, INC.",OH,373,3,244,3,316,3
030223034,WEIDMANN ELECTRICAL TECHNOLOGY INC,VT,517,1,705,2,757,2
352022237,"WELCH PACKAGING GROUP, INC.",IN,674,2,1130,2,1737,2
271434287,WELLMAN SERVICES LLC,OH,,,7,1,22,2
800298170,WELLNESS PET COMPANY,MA,296,1,319,1,534,2
311440199,"WEST CHESTER HOLDINGS, INC.",OH,133,2,217,3,,
311184551,WEST ENTERPRISES INC,OH,,,0,1,23,2
381490038,WHIRLPOOL CORPORATION,MI,27924,12,31297,7,31078,6
310849372,WHITE MACHINE & MANUFACTURING COMPANY,OH,,,10,1,9,1
562479324,"WIL RESEARCH LABORATORIES, LLC",OH,635,1,,,,
361178800,"WILBERT, INC.",NC,1701,2,1421,2,758,2
310682235,"WILLIAM R HAGUE, INC",OH,84,1,,,,
133160717,"WILLIAMS LEA, LLC",WV,3736,2,4008,2,2445,2
260422372,"WILLOWTREE, LLC",VA,74,1,365,2,970,2
222379300,WILSON SPORTING GOODS CO.,IL,1192,6,1815,6,2511,3
310517028,"WISCO PRODUCTS, INC.",OH,0,1,12,1,14,1
341016421,"WODIN, INC.",OH,30,1,28,2,18,1
454011666,WOLF'S RIDGE BREWING,OH,,,27,1,97,1
340840360,WOODHILL PLATING WORKS CO,OH,16,1,0,1,11,1
341478051,"WURTEC, INC.",OH,55,1,78,1,109,1
814251752,XALOY LLC,OH,,,,,340,2
471150410,XELLIA PHARMACEUTICALS USA LLC,IL,,,419,1,457,1
200976157,"XTEK PARTNERS, INC.",OH,32,1,30,2,48,1
824786509,YOUNGSTOWN TOOL AND DIE CO LLC,OH,,,46,1,73,1
832349752,ZANESVILLE STEEL LTD,OH,,,5,1,15,1
310792900,"ZEBCO INDUSTRIES, INC.",OH,19,1,22,3,25,1
810550216,"ZIMMER SURGICAL, INC.",IN,297,3,288,2,324,7
208619767,"ZIPLINE LOGISTICS, LLC",OH,33,1,74,1,102,1
