why_listed,company,paid,size,ohio_hq,hq_where,confidence,basis,source,your_answer
Paid $1M or more,Intel Corporation,124422793,Large,No,CA,High,"Intel's FY2023 10-K reports 124,800 employees as of Dec. 30, 2023 (131,900 in 2022), headquartered in Santa Clara, CA. The recipient is the public parent itself; the grants fund the New Albany (Licking County) fab project.",https://www.sec.gov/Archives/edgar/data/50863/000005086324000010/intc-20231230.htm,ok
Paid $1M or more,Ultium Cells LLC (50/50 joint venture of General Motors Co. and LG Energy Solution),50000000,Large,No,MI,High,"Ultium Cells is a JV formed in Dec. 2019 by GM (Detroit, MI) and LG Chem/LG Energy Solution (South Korea); the Lordstown plant itself had about 200 workers at end of 2021, 600+ at end of 2022 and a 1,100+ target for 2023. Bucket reflects the two owners (GM alone reports well over 100,000 employees i",https://www.jobsohio.com/newsroom/ohio-success/ultium-cells,ok
Paid $1M or more,The Sherwin-Williams Company,41990565,Large,Yes,OH,High,"FY2023 10-K: 64,088 employees worldwide at Dec. 31, 2023, about 75% in the US; headquartered in Cleveland, founded there in 1866. Grants support the new downtown Cleveland HQ and Brecksville R&D center; JobsOhio metrics list 3,524 retained jobs.",https://www.sec.gov/Archives/edgar/data/89800/000008980024000033/shw-20231231.htm,ok
Paid $1M or more,"Honda Motor Co., Ltd.",20400000,Large,No,Japan,Best guess,"Honda Development & Manufacturing of America LLC (Marysville, OH; the 990 lists 'PA' in error) was formed April 1, 2021 by merging Honda's US manufacturing companies; its parent is Tokyo-based Honda Motor Co., about 194,993 consolidated employees at March 31, 2024 per the Form 20-F. Form 5500 for th",https://en.wikipedia.org/wiki/Honda,ok
Paid $1M or more,"Bechtel Group, Inc.",20000000,Large,No,VA,Best guess,"Bechtel Oil, Gas & Chemicals is the Houston-based unit of privately held Bechtel Group, which moved its HQ from San Francisco to Reston, VA by end of 2018 (EDGAR lists a CA address from older filings). The $20M paid in FY2020 was JobsOhio's site-work money for the PTTGC/Daelim Belmont County ethane ",https://en.wikipedia.org/wiki/Bechtel; https://www.heraldstaronline.com/news/local-news/2020/02/jobsohio-investing-another-20m-toward-proposed-cracker-plant/,ok
Paid $1M or more,Amgen Inc.,18759972,Large,No,CA,High,"Amgen's FY2023 10-K lists Thousand Oaks, CA as principal executive office; approximately 26,700 staff at end of 2023 (28,000 in 2024). Grants support the New Albany biomanufacturing plant; JobsOhio metrics show 400 retained jobs.",https://www.sec.gov/Archives/edgar/data/318154/000031815424000011/amgn-20231231.htm,
Paid $1M or more,Cleveland-Cliffs Inc.,14000000,Large,Yes,OH,High,"IronUnits LLC is the Cleveland-Cliffs subsidiary that owns the Toledo HBI plant (130 permanent jobs). Cliffs' FY2019 10-K reports 2,372 employees at Dec. 31, 2019 (500-4999 for the FY2019 grant), then about 25,000 after the AK Steel and ArcelorMittal USA acquisitions in 2020, so the FY2020 and FY202",https://www.sec.gov/Archives/edgar/data/0000764065/000076406520000041/clf-2019123110xk.htm,
Paid $1M or more,Nationwide Children's Hospital,13500000,Large,Yes,OH,High,"The Research Institute is a 501(c)(3) arm of Nationwide Children's Hospital in Columbus, which reports about 11,900 employees. ProPublica lists the EIN under 'Nationwide Childrens Hospital Inc (Research Institute At Nationwide)'.",https://en.wikipedia.org/wiki/Nationwide_Children%27s_Hospital,
Paid $1M or more,FirstEnergy Corp.,12408019,Large,Yes,OH,High,"FirstEnergy Generation LLC was a wholly owned subsidiary of FirstEnergy Solutions, itself a subsidiary of Akron-based FirstEnergy Corp. (about 15,600 employees at end of 2017 per the 10-K). The $12.4M is the JobsOhio revitalization loan for cleanup of the retired R.E. Burger coal plant site in Belmo",https://stockanalysis.com/stocks/fe/employees/; https://www.sec.gov/Archives/edgar/data/1031296/000103129618000015/fe-12312017x10k.htm,
Paid $1M or more,"PTT Global Chemical Public Company Limited (PTTGC), majority-owned by PTT Plc",11451981,Large,No,Thailand,Best guess,"PTTGC America is the US arm of Bangkok-listed PTT Global Chemical (5,000-10,000 employees per directory data; PTT Plc, the Thai state oil company, holds the controlling stake). Partner Daelim (South Korea) withdrew in 2020. JobsOhio grants funded Belmont County cracker-site work; PTTGC repaid $20M i",https://www.set.or.th/en/market/product/stock/quote/pttgc/factsheet,
Paid $1M or more,"Fuyao Glass Industry Group Co., Ltd.",10600000,Large,No,China,High,"Fuyao Glass America is the Moraine, OH subsidiary of Fuyao Glass Industry Group, Fuqing, Fujian, China (Shanghai/Hong Kong listed; about 18,000 employees worldwide per Dayton Daily News in 2016 and about 26,000 per D&B). The Moraine plant alone grew past 2,000 workers by 2017; Form 5500 participants",https://www.daytondailynews.com/news/breaking-news/fuyao-set-double-hiring-moraine-plant-500-jobs/XIW2hI9dJ3w0Rw5Uw8KVnL/; https://www.dnb.com/business-directory/company-profiles/fuyao-glass-industry-group-co-ltd.698fe3f436b3635a6dea9ede7d781e50,
Paid $1M or more,General Electric Company (GE Aerospace),10091471,Large,No,MA,High,"GE's FY2023 10-K reports about 125,000 employees at Dec. 31, 2023 (283,000 at end of 2018), headquartered in Boston, MA during FY2018-2023; after the April 2024 spin-offs GE Aerospace moved the HQ to Evendale, OH, so the FY2024 grant went to an Ohio-headquartered parent. The R&D grants go to GE Avia",https://www.ge.com/sites/default/files/ge_10k_02022024.pdf,
Paid $1M or more,Petmin (Pty) Ltd,10000000,Large,No,South Africa,Best guess,"Petmin USA is the subsidiary of Johannesburg-based Petmin, a private mining company (delisted from the JSE in 2017 after a private-equity-backed buyout) whose Somkhele anthracite mine employs roughly 1,000-1,600 people per company and trade-press sources. JobsOhio paid $5M economic development plus ",https://businessjournaldaily.com/474m-pig-iron-plant-gets-permits-for-ashtabula-site/,
Paid $1M or more,Nestlé S.A.,9200000,Large,No,Switzerland,Best guess,"Nestlé Purina PetCare (St. Louis, MO) is a wholly owned division of Nestlé S.A. of Vevey, Switzerland, which employs roughly 270,000-275,000 people; the JobsOhio release says Nestlé alone had 3,300 Ohio employees when it announced the $550M Williamsburg Township plant. The EDGAR match is the legacy ",https://en.wikipedia.org/wiki/Nestl%C3%A9,
Paid $1M or more,"altafiber (Cincinnati Bell Inc.), owned by Macquarie Infrastructure Partners; Digital Access Ohio is its joint venture with JobsOhio",7470000,Large,Yes,OH,High,"Digital Access Ohio LLC was formed in 2022 by Canton-based Agile Networks with JobsOhio committing up to $40M; altafiber (Cincinnati Bell) bought Agile on May 2, 2022 for $65.5M, and its FY2022 10-K calls DAO 'our Joint Venture with the State of Ohio', carries the JobsOhio money as a 'Digital Access",https://www.sec.gov/Archives/edgar/data/716133/000095017023009198/ck0000716133-20221231.htm,
Paid $1M or more,McKesson Corporation,6613235,Large,No,TX,High,"CoverMyMeds was founded in Twinsburg in 2008 and bought by McKesson in January 2017 for $1.1B (about 450 employees then), before the first grant year; McKesson's FY2020 10-K reports about 80,000 employees. McKesson moved its HQ from San Francisco, CA to Irving, TX effective April 1, 2019, so the FY2",https://www.sec.gov/Archives/edgar/data/927653/000092765320000033/mck10k3312020.htm,
Paid $1M or more,"First Solar, Inc.",6345649,Large,No,AZ,High,"Public company (NASDAQ: FSLR) headquartered in Tempe, AZ; FY2020 10-K reports approximately 5,100 associates as of December 31, 2020. Its predecessor Solar Cells Inc. started in Toledo, but the parent was formed in Arizona in 1999 and the Ohio plants in Perrysburg and Lake Township are subsidiaries.",https://www.sec.gov/Archives/edgar/data/1274494/000162828021003343/fslr-20201231.htm,
Paid $1M or more,JPMorgan Chase & Co.,5900000,Large,No,NY,High,"JPMorgan Chase Bank, N.A. (Columbus-chartered) is the main bank subsidiary of JPMorgan Chase & Co., New York; the FY2019 10-K reports headcount of 256,981 and JobsOhio's 2018 release puts its central Ohio workforce at 19,200. The EDGAR match to 'Warehouse Funding Avery Point VII' is a trust filing u",https://www.sec.gov/Archives/edgar/data/19617/000001961720000257/corp10k2019.htm,
Paid $1M or more,"International Consolidated Airlines Group, S.A. (IAG)",5681149,Large,No,United Kingdom,Best guess,"British Airways has been a wholly owned subsidiary of IAG since 2011; IAG is registered in Madrid, Spain with corporate headquarters in London and about 76,000 employees. The FY2024 payment is an Air Service Restoration Program route incentive for the CVG-London Heathrow flight that began June 2023,",https://en.wikipedia.org/wiki/International_Airlines_Group,
Paid $1M or more,"Great Lakes Cheese Co., Inc.",5100000,Large,Yes,OH,Best guess,"Privately held, Epprecht family-controlled cheese packer headquartered in Hiram with employees holding a 20% ESOP stake; a February 2020 presentation put the Hiram plant at more than 500 workers and the new headquarters at 253, its Form 5500 counted 3,507 participants in 2019 (4,879 by 2023), and Jo",https://www.geaugamapleleaf.com/news/john-epprecht-describes-huge-expansion-of-glc-operation/,
Paid $1M or more,Midmark Corporation,5000000,Large,Yes,OH,High,"Private, family-controlled medical and dental equipment maker founded in Versailles in 1915 with corporate offices in Miamisburg (Dayton area); the JobsOhio release on the Versailles expansion cites nearly 2,000 employees worldwide, 1,002 retained and 99 new jobs, and its Form 5500 shows 1,678 parti",https://www.jobsohio.com/newsroom/news-press/midmark-expands-its-healthcare-manufacturing-footprint-in-ohio,
Paid $1M or more,Ensemble Health Partners (majority owned by Golden Gate Capital from August 2019; founded by Bon Secours Mercy Health),4919985,Large,Yes,OH,High,"Cincinnati (Blue Ash) hospital revenue-cycle firm founded 2014 by Mercy Health; Golden Gate Capital took a majority stake on August 1, 2019 and the September 2021 S-1 reports 6,492 full-time employees as of June 30, 2021 with principal offices at 11511 Reed Hartman Highway, Cincinnati. At the first ",https://www.sec.gov/Archives/edgar/data/1865597/000119312521286798/d132904ds1.htm,
Paid $1M or more,Fiat Chrysler Automobiles N.V. (Stellantis N.V. from Jan 2021),4540017,Large,No,United Kingdom,High,"FCA N.V. 20-F for 2019 reports 191,752 employees, incorporated in the Netherlands with principal executive offices in London. FCA US LLC (Toledo Jeep plants) became a Stellantis N.V. (Netherlands) subsidiary on Jan 16, 2021, which covers the FY2021 grant.",https://www.sec.gov/Archives/edgar/data/1605484/000160548420000011/fca20191231annualreportand.htm,
Paid $1M or more,JSW Steel Ltd,4437946,Large,No,India,High,"JSW Steel USA Ohio is the former Acero Junction mill in Mingo Junction, bought in 2018 by JSW Steel Ltd of Mumbai (JSW Group), which reported well over 10,000 employees through the grant years. Form 5500 shows 333 to 345 participants at the Ohio entity alone; JobsOhio counted 400 retained jobs.",https://en.wikipedia.org/wiki/JSW_Steel,
Paid $1M or more,BlueScope Steel Ltd,4000000,Large,No,Australia,Best guess,"North Star BlueScope Steel in Delta became wholly owned by Melbourne-based BlueScope Steel after it bought Cargill's 50 percent in 2015; BlueScope reported roughly 14,000 employees in FY2020 and 16,500 in 2024. Form 5500 shows 477 to 656 participants at the Delta mill alone.",https://en.wikipedia.org/wiki/BlueScope,
Paid $1M or more,"Amazon.com, Inc.",3935025,Large,No,WA,High,"Amazon.com Services LLC is the operating subsidiary of Amazon.com, Inc. (Seattle), which reported about 1,541,000 full- and part-time employees at Dec 31, 2022 in its 10-K. The Form 5500 plan under this EIN had 1,295,394 participants in 2023.",https://www.sec.gov/Archives/edgar/data/1018724/000101872421000004/0001018724-21-000004-index.htm,
Paid $1M or more,Lam Research Corporation,3882369,Large,No,CA,High,"Silfex is a wholly owned subsidiary of Lam Research (Fremont, CA), whose FY2019 10-K reports approximately 10,700 regular employees. Silfex has operated in Eaton since 1971 and expanded into Springfield, but the parent is Californian.",https://www.sec.gov/Archives/edgar/data/707549/000070754919000124/lrcx10k2019document.htm,
Paid $1M or more,"Novagard Solutions, Inc.",3876963,Small,Yes,OH,High,"Privately held, woman-owned silicone maker with a single 200,000 sq ft Cleveland site; JobsOhio counted 113 retained jobs and 50 new jobs tied to the R&D Center Grant, and the company cites 45 percent workforce growth from 2018 to 2022. No exact total headcount was published, but one site with rough",https://novagard.com/about/,
Paid $1M or more,Libbey Glass LLC (formerly Libbey Inc.),3750000,Large,Yes,OH,High,"Libbey's last 10-K (2019) reports 5,872 employees, about 70 percent outside the US; the company went through Chapter 11 in 2020 and emerged privately held by its former lenders as Libbey Glass LLC, still headquartered in Toledo. Founded in 1818 in Massachusetts and moved to Toledo in 1888; Form 5500",https://www.sec.gov/Archives/edgar/data/902274/000143774920003729/lby20191231_10k.htm,
Paid $1M or more,"GOJO Industries, Inc.",3500000,Large,Yes,OH,Best guess,"Family-owned Purell maker founded in Akron in 1946 and headquartered there; Wooster is a plant. Roughly 2,500 employees, consistent with Form 5500 participant counts of 2,086 (2019) and 2,373 (2023); Clorox agreed to buy GOJO in January 2026, after the grant years. Graded C: Wikipedia is the only so",https://en.wikipedia.org/wiki/GOJO_Industries,
Paid $1M or more,"Pratt Industries, Inc. (Anthony Pratt / Visy group)",3350000,Large,No,GA,Best guess,"Pratt Paper (OH) LLC is the Wapakoneta recycled-paper mill of Pratt Industries, the Conyers, Georgia US arm of Anthony Pratt's privately held Visy group of Melbourne, Australia; the combined group reported about 11,000 employees in 2020. Pratt Industries alone does not publish a headcount, but with ",https://en.wikipedia.org/wiki/Visy_Industries,
Paid $1M or more,"Paycor, Inc. (Paycor HCM, Inc.)",3346355,Large,Yes,OH,High,"Paycor's first 10-K (FY ended June 30, 2021) reports 2,067 associates and Cincinnati headquarters; Form 5500 shows 2,069 participants in 2019. During the FY2020 grant Paycor was majority owned by private equity firm Apax Partners (acquired Nov 2018), and it went public in July 2021.",https://www.sec.gov/Archives/edgar/data/1839439/000183943921000011/pycr-20210630.htm,
Paid $1M or more,"Breeze Aviation Group, Inc.",3318587,Large,No,UT,Best guess,"Breeze Airways, founded by David Neeleman in 2018 and based in Cottonwood Heights, Utah, began flying in May 2021; Form 5500 shows 1,025 plan participants in 2023 and the airline reports about 2,262 employees in 2026. The grants are JobsOhio Air Service Restoration payments for routes at Akron-Canto",https://en.wikipedia.org/wiki/Breeze_Airways,
Paid $1M or more,American Nitrile LLC,3303561,Small,Yes,OH,Best guess,"Privately held glove startup founded in Grove City in 2021 by Jacob Block, financed with $105 million from Orion Infrastructure Capital, and the first pre-revenue company to get a JobsOhio grant ($3.5 million committed). It planned 400 jobs, but Form 5500 shows only 33 plan participants in 2023, so ",https://abc6onyourside.com/news/local/american-nitrile-plant-ppe-factory-produce-medical-gloves-bring-hundreds-of-jobs-to-grove-city-central-ohio-founder-jacob-block-3-9-2022,
Paid $1M or more,Dana Incorporated,3250000,Large,Yes,OH,Best guess,"Dana Limited is a subsidiary of Dana Incorporated (NYSE: DAN), headquartered in Maumee, whose 2018 10-K reports approximately 30,900 employees. The 10-K traces the business to 1904 but does not name the founding city.","Wikipedia: ""the company employs nearly 28,000 people in 33 countries"" (Dana Incorporated, Fortune 500, NYSE: DAN)",
Paid $1M or more,ALTIVIA Corporation,3100000,Small,No,TX,Best guess,"Altivia Petrochemicals is a unit of privately owned ALTIVIA of Houston (founded 1986), which bought the Haverhill phenol plant in 2015; JobsOhio counted 137 retained jobs there and LinkedIn lists about 220 employees company-wide. Form 5500 shows 418 participants at the petrochemicals unit in 2023, s",https://www.jobsohio.com/newsroom/news-press/altivia-expands-for-a-second-time-at-ohio-facility,
Paid $1M or more,"Total Quality Logistics, LLC",3050000,Large,Yes,OH,High,"Privately held freight brokerage founded in Cincinnati in 1997 by Ken Oaks and headquartered in Union Township, Clermont County; JobsOhio's 2022 release puts headcount over 9,000 after 49 percent growth in 2021, implying roughly 6,000 in 2020. JobsOhio counted 2,623 retained Ohio jobs.",https://www.jobsohio.com/newsroom/ohio-success/total-quality-logistics-continues-to-invest-millions-in-ohio,
Paid $1M or more,"Medpace Holdings, Inc.",3000000,Large,Yes,OH,High,"Medpace's 2019 10-K reports approximately 3,500 employees worldwide and Cincinnati headquarters; founded there in 1992 by August Troendle. Form 5500 shows 2,189 participants in 2019 and 3,462 in 2023, and JobsOhio counted 1,916 retained Ohio jobs.",https://www.sec.gov/Archives/edgar/data/1668397/000156459020006385/medp-10k_20191231.htm,
Paid $1M or more,"Nippon Sheet Glass Co., Ltd. (NSG Group)",3000000,Large,No,Japan,Best guess,"NSG Glass North America Inc. is the U.S. subsidiary that built the Luckey/Troy Township float and TCO glass plant (announced Oct 2018, opened Nov 2020, 125-150 jobs) to supply First Solar. Parent NSG Group is Tokyo-based with 25,356 employees as of March 2024 (higher, around 27,000, in the 2019-2021",https://en.wikipedia.org/wiki/Nippon_Sheet_Glass,
Paid $1M or more,United States Steel Corp. and Kobe Steel Ltd. (50/50 joint venture),3000000,Large,No,PA,High,"PRO-TEC is a 50/50 JV of U.S. Steel (Pittsburgh, PA) and Kobe Steel (Kobe, Japan) per U.S. Steel's SEC exhibit on the $400M Leipsic galvanizing line that started up in 2019; neither partner alone controls, so PA is the U.S. partner's HQ and Japan is the other half. Both parents have tens of thousand",https://en.wikipedia.org/wiki/U.S._Steel,
Paid $1M or more,Canon Inc.,2700001,Large,No,Japan,Best guess,"Canon Inc. (Tokyo, about 184,000 employees in 2021) bought 70% of QED on Oct 31, 2019 and consolidates it, covering the 2021 and 2022 grants; the 2018 grant predates the sale, when QED was founder-owned with about 175 employees. QED itself was founded in Mayfield Village in 2006 by Hiroyuki Fujita, ",https://en.wikipedia.org/wiki/Canon_Inc.,
Paid $1M or more,Pella Corporation,2600000,Large,No,IA,Best guess,"Privately held window and door maker founded 1925 in Pella, Iowa, with about 7,000 employees (2019) to 10,000 nationwide; its own Form 5500 plan shows 8,521 participants in 2019 and 11,593 in 2023, consistent with 5000+. The grant supported a new Troy, Ohio manufacturing plant. Graded C: Wikipedia i",https://en.wikipedia.org/wiki/Pella_Corporation,
Paid $1M or more,"Hyland Software, Inc. (majority owned by Thoma Bravo)",2500001,Large,Yes,OH,High,"Founded 1991 and headquartered in Westlake; private equity firm Thoma Bravo has been majority owner since 2007. Form 5500 participants were 3,242 in 2019 and Top Workplaces lists about 3,500 US employees, so the company was under 5,000 in the 2018-2020 grant years (it reached roughly 5,000 by 2023, ",https://topworkplaces.com/company/hyland-software-inc/,
Paid $1M or more,Abbott Laboratories,2500000,Large,No,IL,High,"Public company headquartered in Abbott Park, Illinois; its FY2023 10-K reports approximately 114,000 employees, 69% outside the U.S. The Ohio grants relate to the Columbus nutrition plant (428 retained jobs per JobsOhio metrics).",https://www.sec.gov/Archives/edgar/data/1800/000162828024005348/abt-20231231.htm,
Paid $1M or more,Sofidel S.p.A. (Sofidel Group; Stefani and Lazzareschi families),2400000,Large,No,Italy,Best guess,"Sofidel America Corp. is the U.S. arm of the family-owned Sofidel Group of Porcari, Italy, which had more than 6,400 employees around 2019 (6,900 by 2023); the Circleville tissue plant opened Oct 2018 as the group's largest. The U.S. entity's own Form 5500 plan grew from 347 participants (2015) to 1",https://en.wikipedia.org/wiki/Sofidel_Group,
Paid $1M or more,AMG Advanced Metallurgical Group N.V.,2400000,Large,No,Netherlands,High,"AMG Vanadium LLC (Cambridge, OH, about 155 employees) is a wholly owned subsidiary of Amsterdam-listed AMG Advanced Metallurgical Group N.V., whose 2020 annual report states approximately 3,000 employees worldwide. The grant supported the $300M second plant in Zanesville.",https://www.globenewswire.com/en/news-release/2021/03/11/2191615/0/en/AMG-Advanced-Metallurgical-Group-N-V-Publishes-2020-Annual-Report.html,
Paid $1M or more,"Sarepta Therapeutics, Inc.",2348087,Large,No,MA,High,"Public biotech headquartered in Cambridge, MA (FY2022 10-K); 10-K-derived headcounts were 840 (2021), 1,162 (2022) and 1,314 (2023), with 575 Form 5500 participants in 2019 and 1,415 in 2023. The grants supported its Columbus gene therapy facilities (138 retained jobs).",https://stockanalysis.com/stocks/srpt/employees/,
Paid $1M or more,"Babcock & Wilcox Enterprises, Inc.",2272675,Large,Yes,OH,High,"NYSE-listed B&W moved its headquarters from Charlotte to Akron on Dec 30, 2019 (the Charlotte address in the 990 is the old one), and its FY2020 10-K reports approximately 2,100 employees worldwide. Form 5500 participants (7,259 in 2019) run far above headcount because they include retirees and form",https://www.sec.gov/Archives/edgar/data/1630805/000163080521000004/bw-20201231.htm,
Paid $1M or more,"JAC Products, Inc. (privately held)",2270325,Large,No,MI,High,"Private automotive roof-rack maker headquartered in Saline, Michigan (technical center in Pontiac) with about 1,500 North American employees in 2015 and 1,910 Form 5500 participants in 2019; the Ohio project is a Napoleon, OH plant. Ownership has been reported as venture/private capital in the past,",https://archive.businessviewmagazine.com/jac-products-inc/,
Paid $1M or more,Crown Equipment Corporation (Dicke family),2229000,Large,Yes,OH,Best guess,"Family-owned lift truck maker founded 1945 in New Bremen, Ohio, with about 20,900 employees worldwide today and 11,737 Form 5500 participants in 2019; JobsOhio counts 4,348 retained Ohio jobs. Fourth generation of the Dicke family still leads it. Graded C: Wikipedia is the only source.",https://en.wikipedia.org/wiki/Crown_Equipment_Corporation,
Paid $1M or more,Xellia Pharmaceuticals ApS (wholly owned by Novo Holdings A/S),2200000,Large,No,Denmark,High,"Copenhagen-based anti-infectives maker with over 1,800 employees globally (2021) and more than 300 at the Bedford, Ohio plant it bought from Boehringer Ingelheim in 2015; wholly owned since 2013 by Novo Holdings A/S, the Novo Nordisk Foundation's investment arm. Form 5500 participants at the U.S. en",https://www.biospace.com/xellia-pharmaceuticals-cleveland-ohio-manufacturing-facility-commercially-operational-for-production-of-key-anti-infective-drug-products-for-us-hospitals-and-patients,
Paid $1M or more,"Stanley Black & Decker, Inc. (via Consolidated Aerospace Manufacturing; CAM was Tinicum-owned until Feb 2020)",2026129,Large,No,CT,High,"Voss was bought from its ESOP in Sept 2014 by Consolidated Aerospace Manufacturing (CAM), a Tinicum private equity portfolio company, which Stanley Black & Decker (New Britain, CT; about 53,100 employees) acquired for $1.46B on Feb 24, 2020, inside the FY2020 grant year. During the FY2019 grant the ",https://www.sec.gov/Archives/edgar/data/93556/000009355620000012/swk-q12020.htm,
Paid $1M or more,Topre Corporation,2025000,Large,No,Japan,Best guess,"Topre America is the Springfield subsidiary of Tokyo-listed Topre Corporation; the company profile lists 6,860 consolidated employees as of March 2026, and the Springfield plant alone had 920 Form 5500 participants in 2019 and 580 retained jobs. A grant-year (2018-2022) consolidated figure was not f",https://www.topre.co.jp/en/company/profile.html,
Paid $1M or more,"Loc Performance Products, LLC",2007102,Large,No,MI,High,"Plymouth, Michigan defense and ag-track maker with more than 980 employees (Feb 2023 release) that bought Continental's St. Marys plant in Dec 2021 and committed 250 new jobs plus 450 retained. The EIN maps to CP Prime Holdings, L.P., a Form D filer c/o The Carlyle Group (sec.gov CIK 1837752), so th",https://www.prnewswire.com/news-releases/loc-performance-adds-capacity-for-trackman-in-st-marys-facility-301764105.html,
Paid $1M or more,Nanogate SE,2000000,Large,No,Germany,Best guess,"Nanogate North America (Nanogate Jay Systems, the former Jay Plastics of Mansfield) was the US arm of Nanogate SE of Goettelborn, Germany, which had 1,209 employees in 2017 and about 400 in Mansfield; the $2 million JobsOhio grant funded a Mansfield R&D center announced April 2018. Nanogate SE filed",https://de.wikipedia.org/wiki/Nanogate,
Paid $1M or more,Swagelok Company,2000000,Large,Yes,OH,High,"Swagelok Manufacturing Company LLC is a unit of privately held Swagelok Company of Solon, founded in Cleveland in 1947, with over 5,700 associates; JobsOhio's own report shows 5,237 jobs retained on this grant. The company is private, so no SEC figure exists.","Form 5500 participants 5,777 (2019) for sponsor Swagelok Company; https://en.wikipedia.org/wiki/Swagelok",
Paid $1M or more,Grupo Plastilene S.A.S.,2000000,Large,No,Colombia,Best guess,"Plastilene Inc. is the first US operation of Bogota-based Grupo Plastilene, which runs plants in Colombia, Ecuador and Guatemala and committed 58 R&D jobs and about $41-48 million in Washington Court House. No source giving the group's worldwide headcount was found (company site, JobsOhio release, W",https://www.jobsohio.com/newsroom/news-press/world-leader-in-food-packaging-to-open-rd-center-establish-u-s-operations-in-washington-court-house; https://en.grupoplastilene.com/plastilene-group-opened-production-facility-in-usa/,
Paid $1M or more,Union Home Mortgage Corp.,2000000,Large,Yes,OH,High,"Privately held Strongsville mortgage lender with 1,300+ employees in July 2020 and 1,590 plan participants in 2023; the Revitalization Grant supported reuse of a vacant Strongsville building as its headquarters with 450 new jobs promised. Company materials describe it as Strongsville-based but the f",https://northeastohioregion.com/news/union-home-mortgage-to-expand/,
Paid $1M or more,Marathon Petroleum Corporation,1950000,Large,Yes,OH,Best guess,"Marathon Petroleum (Findlay, OH) 10-K reports 60,350 employees at Dec. 31, 2018, including 40,230 in the Speedway retail segment. Speedway was sold to 7-Eleven (Irving, TX) on May 14, 2021, inside the last grant year, so the FY2021 payment may have landed after the sale; JobsOhio metrics show 1,175 ","Marathon Petroleum is a Fortune 500 refiner headquartered in Findlay, Ohio, with tens of thousands of employees; well-established public company",
Paid $1M or more,"UGN, Inc. (joint venture of Autoneum Holding AG and Nihon Tokushu Toryo)",1916261,Large,No,IL,High,"UGN is a Tinley Park, Illinois acoustic-parts maker formed in 1986 as a partnership of Nittoku (Japan) and what is now Autoneum (Switzerland); neither partner is treated as sole parent, and Autoneum alone has about 16,000 employees. Grants supported the Monroe, Ohio plant (opened 2015, 111-job expan","Form 5500 participants 1,886 (2019) for sponsor UGN, Inc.; https://ugn.com/about/",
Paid $1M or more,STERIS plc,1850000,Large,No,Ireland,High,"Steris Corporation of Mentor is the US operating subsidiary of SEC registrant STERIS plc, which reported roughly 12,000-13,000 employees in its FY2016-FY2020 10-Ks; the parent was UK-domiciled from 2015 and Ireland-domiciled from 2019 after tax inversions, while executive operations stayed in Mentor",https://en.wikipedia.org/wiki/Steris; https://www.sec.gov/cgi-bin/browse-edgar?action=getcompany&CIK=0001757898&type=10-K,
Paid $1M or more,"Otsuka Holdings Co., Ltd.",1850000,Large,No,Japan,Best guess,"Pharmavite (Nature Made) of West Hills, California has been owned by Tokyo-based Otsuka since 1989; its US plan is sponsored by Otsuka America with 4,912 participants and the Otsuka group employs tens of thousands worldwide. The grant supported the $200 million New Albany gummy plant begun in 2023.","Form 5500 participants 4,912 (2023) for sponsor Otsuka America, Inc.; https://en.wikipedia.org/wiki/Otsuka_Holdings",
Paid $1M or more,Alkermes plc,1800000,Large,No,Ireland,High,"Alkermes Inc. (Wilmington plant) is the US subsidiary of Dublin-based SEC registrant Alkermes plc, whose 10-Ks report about 2,000-2,300 employees across 2017-2021; the EDGAR HQ state MA reflects the Waltham US base. Founded 1987 in Massachusetts.",https://www.sec.gov/cgi-bin/browse-edgar?action=getcompany&CIK=0001520262&type=10-K,
Paid $1M or more,"COTSWORKS, Inc.",1800000,Small,Yes,OH,High,"Highland Heights fiber-optic maker, an EDGAR Form D filer, with 105-108 plan participants and 73 jobs retained, so it sits at the line between <100 and 100-499. The company was acquired by Moog Inc. (NY) at a date not verified here, which may postdate the 2024 grant year.","Form 5500 participants 105 (2019) and 108 (2023) for sponsor COTSWORKS, Inc.",
Paid $1M or more,Bread Financial Holdings (formerly Alliance Data Systems),1750000,Large,Yes,OH,High,"ADS Alliance Data Systems is the Columbus card-services unit of Alliance Data, renamed Bread Financial in 2022, whose 10-Ks show roughly 20,000 employees in 2017 and about 7,500 in 2022. Headquarters was Plano, Texas at the 2017 grant and moved to Columbus in 2019, so the OH label applies to the 202","https://www.sec.gov/cgi-bin/browse-edgar?action=getcompany&CIK=0001101215&type=10-K; Form 5500 participants 20,130 (2019)",
Paid $1M or more,"Belcan, LLC",1750000,Large,Yes,OH,High,"Cincinnati (Blue Ash) engineering services firm founded 1958 with about 10,000 employees, owned by private-equity firm AE Industrial Partners from 2015 until Cognizant bought it in August 2024, after the grant years. Resolved to the operating company per the PE rule.","Form 5500 participants 5,320 (2019) and 8,048 (2023) for sponsor Belcan, LLC; https://en.wikipedia.org/wiki/Belcan",
Paid $1M or more,"Quantum Health, Inc.",1700000,Large,Yes,OH,High,"Founded in Columbus in 1999 by Kara Trott and headquartered in Dublin, OH; Great Hill Partners bought a majority stake in 2017 and Warburg Pincus made a significant investment in November 2020 (PE owners). Form 5500 counts and 1,099 retained jobs put the company at roughly 1,000 to 2,000 employees i","Form 5500 participants: 990 (2019), 2,101 (2023); JobsOhio metrics jobs_retained 1,099",
Paid $1M or more,"Koch Foods, Inc.",1669900,Large,No,IL,High,"Privately held poultry processor based in Park Ridge, IL, founded 1973, with about 14,000 employees per Forbes; Form 5500 for Koch Foods, Inc. shows 5,215 participants in 2019 and 6,790 in 2023. The grant supported a $220 million expansion of the Fairfield, OH plant announced in 2021 (Journal-News).",https://www.forbes.com/companies/koch-foods/,
Paid $1M or more,Magna International Inc.,1668941,Large,No,Canada,High,"Magna Seating of America (Novi, MI) is a subsidiary of Magna International, Aurora, Ontario, whose 2021 Annual Information Form (filed with the 40-F) reports more than 158,000 employees. JobsOhio metrics show 390 jobs retained at the Ohio seating plant.",https://www.sec.gov/Archives/edgar/data/749098/000119312522085474/d256677dex1.htm,
Paid $1M or more,"Upstart Holdings, Inc.",1652858,Large,No,CA,High,"Upstart Network is the operating subsidiary of Nasdaq-listed Upstart Holdings, headquartered in San Mateo, CA, with its second office in Columbus. The FY2021 10-K reported about 1,500 employees at Dec. 31, 2021, consistent with 2,060 Form 5500 participants in 2023.","Upstart Holdings FY2023 10-K (filed 2024-02-15): ""As of December 31, 2023, we had 1,388 full-time employees.""",
Paid $1M or more,"Supply Line International Medical, LLC",1612500,Small,No,MI,Best guess,"Privately held Novi, MI distributor of medical supplies (syringes, gloves, COVID tests) founded in 2013 by Josh and Darryl Kaplan and Max Cornfield alongside SLI Automotive; named a Michigan SBDC Best Small Business in 2022 and put into receivership in 2025 (Crain's Detroit). No Ohio project or Jobs",https://www.crainsdetroit.com/manufacturing/supply-line-international-medical-llc-put-receivership/,
Paid $1M or more,"BDO USA, P.C.",1594318,Large,No,IL,High,"Chicago-based accounting firm (then BDO USA, LLP; now a P.C., which is why the EIN shows as an SEC registrant); Form 5500 participants of 9,873 in 2019 and Forbes' 12,000 employees put it well over 5,000. The grant went to a Columbus office; JobsOhio metrics show 0 jobs retained, so this was a new-j","Form 5500 participants: 6,687 (2015), 9,873 (2019), 14,565 (2023)",
Paid $1M or more,The Procter & Gamble Company,1591850,Large,Yes,OH,High,"Distribution subsidiary of The Procter & Gamble Company (NYSE: PG), Cincinnati, whose FY2015 10-K reports 110,000 employees as of June 30, 2015. P&G was founded in Cincinnati in 1837; no JobsOhio metrics row matched this $1M FY2015 grant.",https://efts.sec.gov/LATEST/search-index?q=%22iMFLUX%22&forms=10-K,
Paid $1M or more,Kohl's Corporation,1580970,Large,No,WI,High,"Kohl's FY2022 10-K reports an average of about 97,000 associates and lists a 1.3 million square foot e-fulfillment center opened in Etna, OH in 2021, the likely subject of the grant. Headquarters Menomonee Falls, WI.",https://www.sec.gov/Archives/edgar/data/885639/000095017023008444/kss-20230128.htm,
Paid $1M or more,"Post Holdings, Inc.",1534013,Large,No,MO,High,"Comet Processing, Inc. (Delaware) appears in Post Holdings' FY2023 10-K Exhibit 21 as a subsidiary and as a d/b/a of Michael Foods, Inc.; Post (St. Louis, MO) reported 11,430 employees as of November 1, 2023. The specific Ohio project behind the FY2023 Economic Development Grant (0 jobs retained, so",https://www.sec.gov/Archives/edgar/data/1530950/000153095020000326/post-20200930.htm,
Paid $1M or more,Kao Corporation,1517314,Large,No,Japan,Best guess,"Kao USA (formerly the Andrew Jergens Company, Cincinnati) has been owned by Tokyo-based Kao Corporation since 1988; Kao reports about 33,400 consolidated employees. Kao USA's own Form 5500 shows 949 participants in 2019 and JobsOhio metrics show 521 jobs retained at the Cincinnati plant that receive",https://en.wikipedia.org/wiki/Kao_Corporation,
Paid $1M or more,"Intelligrated, Inc.",1500000,Large,Yes,OH,High,"Mason, OH warehouse-automation maker founded in 2001; during the FY2016 grant year it was owned by private-equity firm Permira (since 2012) and had about 3,200 employees worldwide (Transport Topics, July 2016). Honeywell agreed to buy it for $1.5 billion in July 2016 and closed in August 2016, after",https://www.ttnews.com/articles/honeywell-acquire-warehouse-automation-firm-intelligrate-15-billion,
Paid $1M or more,Milacron Holdings Corp.,1500000,Large,Yes,OH,High,"Milacron Holdings' 2015 10-K reports headquarters in Cincinnati, OH and 5,551 employees worldwide; the company traces to 1860 in Cincinnati. It went public in June 2015 with CCMP Capital as majority owner; the EDGAR HQ state of IN reflects the November 2019 acquisition by Hillenbrand (Batesville, IN",https://www.sec.gov/Archives/edgar/data/1637913/000162828016012117/mcrn12311510k.htm,
Paid $1M or more,Schaeffler AG,1500000,Large,No,Germany,Best guess,"LuK is a Schaeffler Group brand (Herzogenaurach, Germany), which reported roughly 90,000 employees in its 2017 annual report and 120,000 in 2023. JobsOhio metrics show 1,767 jobs retained at the LuK USA transmission-component plant in Wooster. Graded C: Wikipedia is the only source.",https://en.wikipedia.org/wiki/Schaeffler_Group,
Paid $1M or more,"Menard, Inc.",1500000,Large,No,WI,High,"Privately held home-improvement chain headquartered in Eau Claire, WI, founded 1958, with about 45,000 employees per Forbes; Form 5500 shows 36,286 participants in 2019. The Ohio project is not in the JobsOhio metrics extract.",https://www.forbes.com/companies/menard/,
Paid $1M or more,"Nottingham-Spirk Design Associates, Inc.",1500000,Small,Yes,OH,High,"Independent Cleveland product-design and innovation firm founded in 1972 by John Nottingham and John Spirk; Form 5500 participants under 75 and 53 retained jobs put it under 100 employees. The $1.5 million was a Research & Development Grant, unusual for a firm this size.","Form 5500 participants: 60 (2015), 67 (2019), 71 (2023); JobsOhio metrics jobs_retained 53",
Paid $1M or more,Charoen Pokphand Foods (CP Foods),1490504,Large,No,Thailand,Best guess,"Bellisio Foods (formerly Luigino's, the EDGAR registrant) is headquartered in Minneapolis, MN and was acquired by Thailand's CP Foods for $1.08 billion in late 2016; CP Foods employs well over 100,000 worldwide. At the time of the 2015 grant, Bellisio was owned by private equity firm Centre Partners",https://en.wikipedia.org/wiki/Bellisio_Foods,
Paid $1M or more,RXQ Compounding LLC,1450000,Small,Yes,OH,High,"Independent 503B outsourcing pharmacy in Athens, OH; Form 5500 participant counts of 16 (2019) and 25 (2023) and JobsOhio's 17 jobs retained on a Workforce Grant all point to a company under 100 employees. No parent found.",https://www.rxqcompounding.com/,
Paid $1M or more,LEL Operating Company (Superior Dairy),1400000,Small,Yes,OH,High,"Canton, OH holding company for Superior Dairy (founded 1922 in Canton), Creative Edge Design Group and LEL Logistics; JobsOhio lists 298 jobs retained and Form 5500 shows 270 participants in 2019. Sold to Michigan Milk Producers Association (Novi, MI) effective Dec. 31, 2021, after the FY2020 grant.",https://www.dairyreporter.com/Article/2021/12/07/Michigan-Milk-Producers-Association-to-acquire-Superior-Dairy/,
Paid $1M or more,Middle West Spirits LLC,1300000,Small,Yes,OH,Best guess,"Independent craft distillery founded in Columbus in 2008 by Brady Konya and Ryan Lang, building a new 100,000+ sq ft distillery campus with JobsOhio Economic Development and Revitalization grants. JobsOhio lists 166 jobs retained but the 2023 Form 5500 shows only 32 plan participants, so headcount m",https://middlewestspirits.com/,
Paid $1M or more,PACCAR Inc,1300000,Large,No,WA,High,"Nasdaq-listed truck maker headquartered in Bellevue, WA; FY2021 10-K reported about 28,800 employees worldwide, and Form 5500 shows 15,000-16,500 participants. Grants supported the Kenworth plant in Chillicothe (2,344 jobs retained).",https://www.sec.gov/Archives/edgar/data/75362/000156459022006237/0001564590-22-006237-index.htm,
Paid $1M or more,Union Metal Industries Corporation,1250000,Small,Yes,OH,High,"Canton light-pole maker (founded 1906) re-formed in May 2018 when New York industrial investment firm American Industrial Acquisition Corp (AIAC, 8,000+ employees across its portfolio) bought the bankrupt Union Metal Corp; treated as PE-style ownership so the operating company is the parent. AIAC pl",https://northeastohioregion.com/news/union-metal/,
Paid $1M or more,"LEWCO, Inc.",1250000,Small,Yes,OH,Best guess,"Privately held conveyor and industrial oven manufacturer headquartered at 706 Lane Street, Sandusky, OH with three north central Ohio locations. JobsOhio lists 467 jobs retained and Form 5500 shows 186 (2019) to 369 (2023) participants, supporting 100-499; no parent found.",https://www.lewcoinc.com/about-us,
Paid $1M or more,"Green Circle Growers, Inc.",1250000,Large,Yes,OH,Best guess,"Family-owned greenhouse in Oberlin, OH operating for over 50 years with 150+ acres under glass; the company site cites over 800 employees and Form 5500 shows 880 participants in 2023, with JobsOhio listing 692 jobs retained. No outside parent.",https://www.greencirclegrowers.com/about,
Paid $1M or more,"Trew, LLC",1237397,Small,Yes,OH,Best guess,"Privately held material handling systems maker formed in 2018 in the Cincinnati area by former Intelligrated executives, headquartered in West Chester/Fairfield, OH with a plant in Guelph, Canada. The 2023 Form 5500 shows 415 participants and JobsOhio lists 220 jobs retained; no published headcount ",https://www.trewautomation.com/about,
Paid $1M or more,Whirlpool Corporation,1200000,Large,No,MI,High,"NYSE-listed appliance maker headquartered in Benton Harbor, MI; the FY2020 10-K reported about 78,000 employees (about 97,000 in FY2015), and Form 5500 shows 28,000-31,000 participants. Grants supported the Findlay, Clyde, Marion and Ottawa plants (2,175 jobs retained).",https://www.sec.gov/Archives/edgar/data/106640/000010664021000022/0000106640-21-000022-index.htm,
Paid $1M or more,Campbell Soup Company,1147315,Large,No,NJ,High,"Supply-chain subsidiary of Campbell Soup Company (NYSE: CPB), Camden, NJ, whose FY2017 10-K reports approximately 18,000 employees; the JobsOhio workforce grant supported the Napoleon, OH plant, where 1,382 jobs were retained.",https://www.sec.gov/Archives/edgar/data/16732/000001673217000058/cpb-7302017x10xk.htm,
Paid $1M or more,"Ohio Logistics, Ltd.",1110000,Small,Yes,OH,Best guess,Privately held Findlay third-party logistics firm (CEO Chuck Bills) that began in a single Findlay warehouse in June 1988 and now runs about 25 sites in several states; LinkedIn lists 201-500 employees and the company says 'over 400 associates.' The 2018 grant was a $110K economic development grant ,https://www.linkedin.com/company/ohio-logistics,
Paid $1M or more,Univar Solutions Inc.,1100001,Large,No,IL,High,"Operating subsidiary of Univar Solutions Inc. (NYSE: UNVR until 2023), Downers Grove, IL, whose 2019 10-K reports about 10,300 full-time-equivalent employees worldwide; Form 5500 shows 5,850 participants in 2019 and 8,613 in 2023. Apollo Funds took Univar private in August 2023, so the FY2024 grant ",https://www.sec.gov/Archives/edgar/data/1494319/000149431920000009/unvr-20191231.htm,
Paid $1M or more,"MadTree Brewing, LLC",1100000,Small,Yes,OH,Best guess,"Independent Cincinnati craft brewer founded in 2013 that filed a 2012 Form D with the SEC listing a Cincinnati address; the 2017 Revitalization Grant and loan funded its Oakley brewery and taproom, where JobsOhio recorded 31 retained jobs. The company site and LinkedIn page could not be fetched, so ",https://www.sec.gov/cgi-bin/browse-edgar?action=getcompany&CIK=0001541962,
Paid $1M or more,"Mar-Bal, Inc.",1100000,Small,Yes,OH,High,"Private thermoset composite molder founded 1970 and headquartered in Chagrin Falls, OH, with four North American plants (Painesville, OH among them) and a China facility; Form 5500 shows 510 participants in 2015 and 521 in 2019, counts that include former employees with balances, and LinkedIn lists ",https://www.linkedin.com/company/mar-bal-inc,
Paid $1M or more,The Chilcote Company,1100000,Small,Yes,OH,High,"Privately held Cleveland maker of photo mounts and specialty packaging; its own Form 5500 plan shows 436 participants in 2015, 315 in 2019 and 155 in 2023, and JobsOhio recorded 120 retained jobs for the 2020 grant. No parent found; the LinkedIn page understates the company at 2-10 employees, so the",https://www.chilcotecompany.com/,
Paid $1M or more,"ISSQUARED, Inc.",1100000,Small,No,CA,Best guess,"Private IT services firm founded 2010 in Simi Valley, CA, headquartered in Westlake Village, CA, with offices in India, the UK, Singapore and the Middle East; Team NEO's December 2020 release on its Solon, OH security operations center promised 109 new jobs. Form 5500 shows only 36 US participants i",https://www.issquaredinc.com/about-us,
Paid $1M or more,"M&M Industries, Inc.",1089346,Large,No,TN,Best guess,"Ohio affiliate of M&M Industries, Inc., the privately held Chattanooga, TN plastic pail and container maker whose EIN this is; the Form 5500 plan sponsored by M & M Industries Inc shows 280 participants in 2015, 400 in 2019 and 503 in 2023, which includes former employees. The company site could not",https://www.mmindustries.com/,
Paid $1M or more,KIRCHHOFF Automotive GmbH (KIRCHHOFF Group),1060911,Large,No,Germany,Best guess,"Waverly, OH stamping plant of KIRCHHOFF Automotive, the largest division of the family-owned KIRCHHOFF Group of Iserlohn, Germany (automotive division based in Attendorn), which employs roughly 13,000 people worldwide with several thousand in the automotive unit alone. JobsOhio recorded 230 retained",https://de.wikipedia.org/wiki/Kirchhoff_Gruppe,
Paid $1M or more,"NuVasive, Inc.",1011227,Large,No,CA,High,"West Carrollton, OH manufacturing subsidiary of NuVasive, Inc. (NASDAQ: NUVA), San Diego, whose 10-Ks report about 2,600 employees at end of 2018 and about 3,000 at end of 2022; JobsOhio recorded 97 retained jobs. Globus Medical (Audubon, PA) acquired NuVasive on September 1, 2023, so the FY2024 gra",https://www.sec.gov/Archives/edgar/data/1142596/000156459019003470/nuva-10k_20181231.htm,
Paid $1M or more,"Surgere, Inc.",1010000,Small,Yes,OH,High,"Independent supply-chain IoT software firm founded 2004, based in North Canton/Green, OH; its Form 5500 plan shows 31 participants in 2015, 43 in 2019 and 94 in 2023, and JobsOhio recorded 52 retained jobs for the 2020 grant. LinkedIn now lists 51-200 employees, so the company likely crossed 100 aft",https://www.linkedin.com/company/surgere,
Paid $1M or more,Morgan Stanley,1006031,Large,No,NY,High,"Broker-dealer subsidiary of Morgan Stanley (NYSE: MS), New York, whose 2019 10-K reports 60,431 employees worldwide; the Form 5500 plan sponsored by Morgan Stanley Domestic Holdings shows 61,784 participants in 2019. The workforce grants supported an Ohio operations site where 426 jobs were retained",https://www.sec.gov/Archives/edgar/data/895421/000089542120000265/0000895421-20-000265-index.htm,
Paid $1M or more,"Assurex Health, Inc.",1000000,Small,Yes,OH,High,"Privately held, venture-backed pharmacogenomics lab in Mason, OH (GeneSight test) that was independent during FY2016; Myriad Genetics (Salt Lake City, UT) closed its $225M acquisition on August 31, 2016, after the grant year, and filed Assurex's audited financials in a November 2016 8-K/A. Form 5500",https://www.sec.gov/Archives/edgar/data/899923/000119312516767889/d200649dex991.htm,
Paid $1M or more,"Lincoln Electric Holdings, Inc.",1000000,Large,Yes,OH,High,"Principal operating subsidiary of Lincoln Electric Holdings, Inc. (NASDAQ: LECO), Cleveland (Euclid), OH, whose 2017 10-K reports approximately 11,000 employees worldwide; Form 5500 shows 4,981 participants in 2019. Founded in Cleveland in 1895; JobsOhio recorded 2,475 retained jobs at the Euclid ca",https://www.sec.gov/Archives/edgar/data/59527/000005952718000006/leco-20171231x10k.htm,
Paid $1M or more,"Athens Mold & Machine, Inc.",1000000,Small,Yes,OH,High,"Independent Athens tire-mold maker that has owned its Mill Street plant since 1969, idled production in 2011 and reopened in 2016 with a $400,000 JobsOhio revitalization grant and a pledge of 60 jobs over three years. Form 5500 shows 68 plan participants in 2023, so the company stayed under 100 empl",https://www.athensmessenger.com/news/athens-mold-and-machine-to-reopen/article_7cddf6c6-1296-5360-a4ca-af8a23195286.html,
Paid $1M or more,Nordson Corporation,1000000,Large,Yes,OH,High,"Nordson's FY2018 10-K reports 7,536 employees, incorporation in Ohio in 1954 and headquarters in Westlake; Xaloy was Nordson's screws-and-barrels unit at the 2018 grant. Nordson sold Xaloy to Altair Investments in 2020, which is why the 2023 Form 5500 sponsor is Xaloy LLC (340 participants) and the ",https://www.sec.gov/Archives/edgar/data/72331/000156459018030928/ndsn-10k_20181031.htm,
Paid $1M or more,"Franklin International, Inc.",1000000,Small,Yes,OH,High,Privately owned Titebond adhesives maker founded in Columbus in 1935 and still headquartered at 2020 Bruck Street; Form 5500 shows 385 plan participants in 2019 and JobsOhio counted 372 retained Ohio jobs for the 2019 R&D grant. The company site now says 500+ employees (2025) and the 2023 plan count,https://www.franklininternational.com/about,
Paid $1M or more,Stewart-MacDonald Manufacturing Co. (StewMac),1000000,Small,Yes,OH,High,"Athens-based guitar-repair tools and parts maker founded in 1968, privately held with no JobsOhio metrics record for these grants. Form 5500 participants rose from 89 (2019) to 139 (2023), so the company was near the 100-employee line in the 2019 grant year and above it by 2021.",https://www.stewmac.com/about-us/,
Paid $1M or more,Huntington Bancshares Incorporated,1000000,Large,Yes,OH,High,"The bank is the subsidiary of Columbus-headquartered Huntington Bancshares, whose 2022 10-K reports 19,920 average full-time equivalent colleagues; JobsOhio counted 4,677 retained jobs for its revitalization and workforce grants. Huntington National Bank was founded in Columbus in 1866, though the h",https://www.sec.gov/Archives/edgar/data/49196/000004919623000020/hban-20221231.htm,
Paid $1M or more,The J.M. Smucker Company,1000000,Large,Yes,OH,High,"Big Heart Pet Brands is the pet-food subsidiary Smucker bought in 2015; Smucker's FY2021 10-K reports approximately 7,100 full-time employees worldwide and headquarters in Orrville, where the company was founded in 1897. JobsOhio's own release describes Smucker as an Ohio company for 125 years.",https://www.sec.gov/Archives/edgar/data/91419/000009141921000048/sjm-20210430.htm,
Paid $1M or more,"DuPont de Nemours, Inc.",1000000,Large,No,DE,High,"Operating LLC for DuPont's Circleville Kapton film plant, which employed 500 when JobsOhio backed a $200 million expansion adding 46 jobs; the 2020 10-K reports approximately 34,000 employees worldwide at Wilmington-based DuPont de Nemours. DowDuPont became DuPont de Nemours after spinning off Dow a",https://www.jobsohio.com/newsroom/news-press/dupont-investing-in-200-million-expansion-creating-46-jobs,
Paid $1M or more,ExactCare Pharmacy LLC (Nautic Partners portfolio company),1000000,Small,Yes,OH,High,Valley View home-delivery pharmacy for chronically ill patients; Form 5500 shows 356 plan participants in 2019 and JobsOhio counted 185 retained jobs for the 2020 grants. Private-equity firm Nautic Partners invested in 2016 and later merged ExactCare with Tabula Rasa HealthCare in 2023 to form AnewH,https://www.exactcarepharmacy.com/about/,
Paid $1M or more,"Toyodenso Co., Ltd.",1000000,Large,No,Japan,High,"JobsOhio's release says Weastec employed 184 people at its Dublin and Hillsboro sites and operates as a subsidiary of Japanese electrical-components maker Toyodenso Co., Ltd., a Honda supplier. Weastec's own site says Toyodenso employs more than 10,000 associates globally; the Form 5500 count of 177",https://weastec.com/about/about-toyodenso/,
Paid $1M or more,"Root, Inc.",1000000,Large,Yes,OH,High,"Columbus-headquartered auto insurer that went public in 2020; the 2021 10-K reports 1,571 full-time employees at December 31, 2021, followed by a 20 percent workforce reduction in January 2022. JobsOhio's release describes Root as conceived in Ohio, and Caret Holdings is its Form 5500 sponsor (1,286",https://www.sec.gov/Archives/edgar/data/1788882/000162828022003524/root-20211231.htm,
Paid $1M or more,American Family Mutual Insurance Company (AmFam),1000000,Large,No,WI,Best guess,"Columbus insurtech founded in 2016 and acquired by Madison, Wisconsin-based American Family Insurance in January 2021 (Business Wire, Columbus Dispatch), a year before the fiscal 2022 grant; AmFam's fast facts list about 13,500 employees for 2022. Bold Penguin itself had 78 retained Ohio jobs and 45",https://en.wikipedia.org/wiki/American_Family_Insurance,
Paid $1M or more,"Case Farms (Case Foods, Inc.)",1000000,Large,No,NC,High,"Privately held poultry processor headquartered in Troutman, North Carolina, whose four plants in Ohio and North Carolina employed more than 3,000 people per ProPublica's 2017 investigation; JobsOhio counted 346 retained jobs at the Winesburg plant for the $101.6 million expansion. Founder Thomas She",https://www.casefarms.com/about-us,
Paid $1M or more,"AquaBounty Technologies, Inc.",1000000,Small,No,MA,High,"Project subsidiary for the genetically engineered salmon farm AquaBounty began building in Pioneer, Ohio; the Maynard, Massachusetts parent's 2023 10-K reports 104 team members at December 31, 2023. The same 10-K says the Pioneer farm was about 30 percent complete with construction paused, so the gr",https://www.sec.gov/Archives/edgar/data/1603978/000160397824000013/aqb-20231231x10k.htm,
Paid $1M or more,Masco Corporation,1000000,Large,No,MI,High,"Behr Process Corporation (Santa Ana, CA) is the paint subsidiary of Masco Corporation (NYSE: MAS, Livonia, MI), whose 2023 10-K reports approximately 18,000 employees at December 31, 2023. The grant supported Behr's new paint plant and warehouse in Heath, Licking County, opened April 2024 (WHIZ: whi",https://www.sec.gov/Archives/edgar/data/62996/000006299624000006/mas-20231231.htm,
Paid $1M or more,"Bullen Ultrasonics, Inc.",1000000,Small,Yes,OH,High,"Independent, family-owned ultrasonic machining company founded in Eaton, Ohio in 1971; the January 2023 JobsOhio release announced a $1 million R&D Center Grant for a $14 million expansion of its Eaton Technology Development Center. Form 5500 shows 169 plan participants in 2023 and JobsOhio lists 12",https://www.jobsohio.com/newsroom/news-press/bullen-ultrasonics-investing-in-ohio-based-rd-facility-expansion,
Paid $1M or more,"Forge Biologics, Inc.",1000000,Small,Yes,OH,High,"Venture-backed gene therapy CDMO founded in Columbus in 2020; during the FY2023 grant year it was independent, and its November 2023 release says the Columbus facility had over 300 employees (Form 5500: 298 participants in 2023). Ajinomoto Co. (Japan) agreed to acquire Forge for $620 million in Nove",https://www.forgebiologics.com/ajinomoto-co-inc-to-acquire-forge-biologics-for-620-million1/,
Paid $1M or more,"General Mills, Inc.",1000000,Large,No,MN,High,"Public company (NYSE: GIS) headquartered in Minneapolis; the fiscal 2023 10-K reports approximately 34,000 employees as of May 28, 2023. The grant supported a $100 million expansion of the Wellston, Jackson County Totino's plant (974 retained jobs, 30 new) announced by JobsOhio in August 2022.",https://www.sec.gov/Archives/edgar/data/40704/000119312523177500/d523469d10k.htm,
Paid $1M or more,"LG Chem, Ltd.",1000000,Large,No,South Korea,Best guess,"LG Chem America, Inc. (Atlanta) is the US subsidiary of LG Chem, Ltd., Seoul, whose website lists 17,389 employees (12,943 in Korea, 4,446 abroad) and Wikipedia gives 20,000+ for 2022; JobsOhio metrics list a $1 million Economic Development Grant for 72 new jobs and $85.8 million at two new LG Chem ",https://en.wikipedia.org/wiki/LG_Chem,
Paid $1M or more,"J.B. Poindexter & Co., Inc.",1000000,Large,No,TX,Best guess,"Morgan Truck Body, LLC (Morgantown, PA) is a unit of privately held J.B. Poindexter & Co. (JBPCO), Houston, whose portfolio also includes Morgan Olson, Reading Truck and other manufacturers; the grant relates to Morgan's Orrville, Wayne County plant (JobsOhio metrics: 139 new jobs, $24.4 million, Ju",https://www.jbpoindexter.com/about/,
Paid $1M or more,"National Resilience, Inc.",1000000,Large,No,CA,High,"Resilience US, Inc. is the operating subsidiary of National Resilience, Inc., a venture-backed biomanufacturing CDMO headquartered in San Diego during the grant year (it moved its headquarters to Blue Ash, Ohio in June 2026). Its June 2022 Series D release reported more than 1,600 employees across 1",https://resilience.com/news/resilience-announces-625-million-series-d-financing-to-expand-network-bring-innovative-technologies-to-biomanufacturing,
"Best guess, paid $250K or more","Hanon Systems Co., Ltd.",949495,Large,No,South Korea,Best guess,"Hanon Systems USA LLC (Van Buren Township, MI) is the US subsidiary of Hanon Systems Co., Ltd., headquartered in Daejeon, South Korea, one of the world's largest auto thermal-management suppliers; Form 5500 count (319 to 669) reflects only the US entity. Graded C: Wikipedia is the only source.",https://en.wikipedia.org/wiki/Hanon_Systems,
"Best guess, paid $250K or more",Busche Performance Group,900000,Large,No,IN,Best guess,"Recipient's own address (Fort Wayne, IN) matches Busche Performance Group, a privately held forged/machined-parts manufacturer with multiple plants; no exact employee count was found.",https://news.google.com/rss/search?q=Busche+Performance+Group,
"Best guess, paid $250K or more",Phoenix International S.p.A.,900000,Large,No,Italy,Best guess,"Rule R2: own plan under 250 participants, no subsidiary marker in the name, not an SEC registrant. Subsidiary check: owned by Phoenix International S.p.A.; rule result replaced. Company site says it was acquired in 2018 by Phoenix International S.p.A. of Verdello, Italy, a multi-country extrusion di",https://www.youngstowntool.com/about,
"Best guess, paid $250K or more",Pointe Ventures LLC,900000,Small,Yes,OH,Best guess,"No news, EDGAR, or Form 5500 record surfaced for this Columbus LLC; graded from the recipient_class_auto and its own address only, since JobsOhio's own metrics fields are blank for this row.",https://news.google.com/rss/search?q=%22Pointe+Ventures%22+LLC+Ohio,
"Best guess, paid $250K or more","Fortner Upholstering, Inc.",851500,Small,Yes,OH,Best guess,"Small, independent commercial upholstery shop in Columbus; the Columbus Dispatch covered a facility move, and JobsOhio's own jobs-retained figure (37) caps its size.",https://news.google.com/rss/search?q=%22Fortner+Upholstering%22,
"Best guess, paid $250K or more",Complete Filter Media LLC,832508,Small,Yes,OH,Best guess,"No news, EDGAR, or Form 5500 record found for this Lancaster manufacturer; graded from the Revitalization Grant program and zero jobs-retained figure alone.",https://news.google.com/rss/search?q=%22Complete+Filter+Media%22,
"Best guess, paid $250K or more",Groupe Treves,800000,Large,No,France,Best guess,"Treves, Inc. (Fostoria, OH auto-parts plant) is a US subsidiary of France's Groupe Treves, an automotive interiors and acoustics supplier headquartered in Paris with about 4,600 employees across 27 plants as of 2024; exact grant-year (2018/2021) headcount was not found. Graded C: Wikipedia is the on",https://fr.wikipedia.org/wiki/Tr%C3%A8ves_(entreprise),
"Best guess, paid $250K or more",Festo SE & Co. KG,800000,Large,No,Germany,Best guess,"Festo Corporation is the US arm of Festo SE & Co. KG, a family-owned German automation company headquartered in Esslingen am Neckar; its US Form 5500 plan alone had 1,107 participants in 2023, and the global group employs well over 5,000. Graded C: Wikipedia is the only source.",https://en.wikipedia.org/wiki/Festo,
"Best guess, paid $250K or more","Stanley Electric Co., Ltd.",750000,Large,No,Japan,Best guess,"Stanley Electric US Co Inc is the London, Ohio lighting plant of Stanley Electric Co., Ltd., a publicly traded Japanese manufacturer with over 16,000 employees across 67 factories and offices in 18 countries. Graded C: Wikipedia is the only source.",https://en.wikipedia.org/wiki/Stanley_Electric,
"Best guess, paid $250K or more","Just4ConstructionCom, LLC",750000,Small,Yes,OH,Best guess,"No JobsOhio metrics, news coverage, or SEC record exists for this Strongsville, Ohio recipient, and its likely web domain now redirects to a generic landing page, so size is a best guess from the $750,000 grant with no jobs-retained figure reported.",https://www.just4construction.com,
"Best guess, paid $250K or more","STAQ Pharma, Inc.",750000,Small,No,CO,Best guess,"SEC-registered STAQ Pharma, Inc. is based in Denver, CO, same state as its Form 5500 plan sponsor QualMed Pharmacy, Inc.; news coverage describes the Columbus-area plant as still ramping toward a 300-job target, so exact grant-year headcount is uncertain.",https://news.google.com/rss/search?q=STAQ+Pharma+Denver,
"Best guess, paid $250K or more","Zenni Optical, Inc.",750000,Large,No,CA,Best guess,"The recipient's Novato, CA address matches Zenni Optical's headquarters, and a Business Journals story describes Zenni building a manufacturing hub in central Ohio; no source gave an exact worldwide employee count for this online eyewear retailer/manufacturer.",https://en.wikipedia.org/wiki/Zenni_Optical,
"Best guess, paid $250K or more","T&C Rail Holdings, Inc.",725000,Small,Yes,OH,Best guess,"No SEC filing, Form 5500, JobsOhio press release, or news story could be found for T&C Rail Holdings via EDGAR, Google News, Bing, or the JobsOhio site search; the bucket is a guess from the modest $125,000 project commitment and 40 jobs retained.",https://www.jobsohio.com/sitemap.xml,
"Best guess, paid $250K or more","Fortuity Calling, LLC",700000,Small,Yes,OH,Best guess,"Fortuity is a Franklinton (Columbus) social-enterprise call center with no external parent found; a 2019 Columbus Underground piece said it planned to employ 500, but later Dispatch/auditor coverage found many incentive-backed Ohio companies missed job commitments, so actual headcount is likely well",https://news.google.com/rss/search?q=Fortuity+Calling+Columbus+call+center,
"Best guess, paid $250K or more","Relink Medical, LLC",700000,Small,Yes,OH,Best guess,"No SEC or Form 5500 record turned up, and only one indirect news mention (Smart Business Dealmakers) was found; the $100,000 Workforce Grant and 28 jobs retained suggest a small independent medical-equipment reprocessing company, but the size is a guess.",https://news.google.com/rss/search?q=Relink+Medical+Twinsburg,
"Best guess, paid $250K or more","CIC Group, Inc. (via Nooter Construction Company)",690000,Large,No,MO,Best guess,"RMF Nooter (Toledo, founded 1947 as RMF Industrial Contracting) is a wholly owned subsidiary of Nooter Construction, which is held by employee-owned CIC Group of St. Louis, MO. Nooter Construction alone shows roughly 617 employees in Dec 2024 (LinkedIn-derived), and the Toledo unit's own 5500 plan h",https://cicgroup.com/nooter/history/,
"Best guess, paid $250K or more","London Computer Systems, Inc.",685000,Small,Yes,OH,Best guess,"Founder-owned (Dave Hegemann, founded 1987, incorporated 1988) maker of Rent Manager software, HQ 9140 Waterstone Blvd, Cincinnati. Company timeline says 350 employees in 2020, matching 255 Form 5500 participants in 2019 and 177 jobs retained; it has since passed 500 (2026), but not in the grant yea",https://www.lcs.com/about-lcs/,
"Best guess, paid $250K or more","Vigilant, LLC dba Vigilant Technology Solutions",674095,Small,Yes,OH,Best guess,"Privately held West Chester cybersecurity firm; directories list about 39-40 employees and Form 5500 had 20 participants in 2019. No JobsOhio or REDI Cincinnati release found for the 2022-2024 grants, which total $674K, large for a company this size, so the count is unverified.",https://www.buzzfile.com/business/Vigilant-Technology-Solutions-513-309-0672,
"Best guess, paid $250K or more",S&P Data LLC (S&P Data Digital),650000,Large,No,Canada,Best guess,"Cleveland Warehouse District call center (1500 W 3rd St) is the Ohio arm of S&P Data, a privately held Toronto-based contact-center group; directories put the group at roughly 1,075-1,319 employees and the Cleveland site at about 400, with JobsOhio listing 122 jobs retained. No Form 5500 for the Ohi",https://www.datanyze.com/companies/s-p-data/266027458,
"Best guess, paid $250K or more","Taiho Kogyo Co., Ltd.",635000,Large,No,Japan,Best guess,"Taiho Corporation of America is the long-documented U.S. manufacturing subsidiary of Taiho Kogyo Co., Ltd. (Aichi, Japan), a Toyota-affiliated engine-bearing maker; its own site (taihocorp.com) could not be reached this session, so this rests on established industry knowledge plus its own Form 5500 ",https://www.efast.dol.gov/5500search/,
"Best guess, paid $250K or more",Greenfield Products Incorporated,630000,Small,Yes,OH,Best guess,"A company called Greenfield Products makes boat anchors and dock/mooring gear and has a live site, but nothing on it confirms an Ohio, Greenfield headquarters, so the match to this recipient (JobsOhio industry tag 'Energy & Chemicals') is unconfirmed; bucket is a guess from the $30,000 grant and 43 ",https://www.greenfieldproducts.com/,
"Best guess, paid $250K or more",High Road Holdings LLC,629052,Small,Yes,OH,Best guess,"No SEC filing, Form 5500, JobsOhio press release, or news story could be found for High Road Holdings via EDGAR, Google News, Bing, or the JobsOhio site search; the $629,052 spread across four small annual payments (2021-2024) suggests a small recurring incentive, so the bucket is a guess.",https://www.jobsohio.com/sitemap.xml,
"Best guess, paid $250K or more","StandardAero, Inc.",610929,Large,No,AZ,Best guess,"StandardAero Component Services, Inc. is a subsidiary of StandardAero, Inc., a Scottsdale, Arizona-headquartered aircraft MRO company; Carlyle Group acquired majority ownership in 2019 (after Veritas Capital owned it from 2015), so Carlyle was the private-equity owner during the 2021-2022 grant year",Reuters coverage of the Carlyle Group's multibillion-dollar acquisition of StandardAero; JobsOhio jobs_retained_max=746 at the Cincinnati site as a floor,
"Best guess, paid $250K or more",Songs at the Center,600000,Small,Yes,OH,Best guess,"No JobsOhio metrics or Form 5500 record exists for this EIN; Columbus Dispatch coverage describes a small father-daughter pizza-and-music venue in Worthington, not a company with a traceable outside parent. Graded D because no filing or press release confirms size or ownership; bucket picked from th",https://www.dispatch.com,
"Best guess, paid $250K or more",Bright Innovation Labs (Aterian Investment Partners),600000,Large,No,CA,Best guess,"Rule R2: own plan under 250 participants, no subsidiary marker in the name, not an SEC registrant. Subsidiary check: owned by Bright Innovation Labs (Aterian Investment Partners); rule result replaced. PR Newswire (Jan 2021) says Aterian-backed Bright International combined with Bocchi Laboratories ",https://news.google.com/rss/articles/CBMihwJBVV95cUxOS0NZU25abjA1bnZDMnRzX1h1Q0pTb01Sdm5ES2tMVjR3WVVRalhlaDRpUVdDQVg3WlYxeGs3OTk5VGNWbDl3VUEwU2k2SlA5QmVCa0F2eU5VUWN3YzBsTU0yYkdtQTVPbmFxX1NLaktFV2ppVkxidzRvQnlNWjc4VURhN3dES1Y2YVZfdzNtbjJkd2pTbWQzaXo1Z3Z3d1RQMks4ODFHa1dWNmsyU050YmhXN0xWcGVCNGlnbmhHVDhHM1Y1M3hiZERwbldIczZUNktNWW1jdDYtLW45UU00dkNxRWZnU21xTkZiUWtHamV3bno4WVZZLUlyVm81MWo0NEVYLTdmZw?oc=5,
"Best guess, paid $250K or more","FEW Automotive Glass Applications Group (Zwenkau, Germany)",600000,Small,No,Germany,Best guess,"Rule R2: own plan under 250 participants, no subsidiary marker in the name, not an SEC registrant. Subsidiary check: yes. Wooster plant is the US arm of German FEW Automotive Group (Zwenkau), but no worldwide headcount was found and the group looks small, possibly under 500. Home state set by hand t","Form 5500 2019: 37 participants, largest plan, sponsor FEW AUTOMOTIVE GLASS APPLICATION, INC.; metrics jobs retained 43",
"Best guess, paid $250K or more",Mucci Farms,600000,Large,No,Canada,Best guess,"Rule R2: own plan under 250 participants, no subsidiary marker in the name, not an SEC registrant. Subsidiary check: owned by Mucci Farms; rule result replaced. MIMI Farms is the Huron, Ohio greenhouse of Mucci Farms of Kingsville, Ontario (Form 5500 sponsor is Mucci Farms); worldwide headcount not ",https://news.google.com/rss/articles/CBMisgFBVV95cUxNNE9BQTRzeHNvLUliOVhuRm5qbTc2ME1UQ1NHam9uN2lvZzFmeWE3OWtjcTR1bGo3aG54N3RReS11OWRUVE9tM1I4cHc5MDRJdjF0N3I0UnVZY0hOMW1wTkZfMFBWU2RfTERLV3NUeG1zUjNQQnYzd05xZ0dGeEt6Szlnbm5oMU9yRHQ0aXFjaDlaUXFjTkppUlNhUDR1T2NJcXdLZ1BWMm5Na0c4NWlnM0VR0gG3AUFVX3lxTE93cE4wNTdQVGVrMTI2a3M0dUJZLTlDRDM2UTAzM3IxVDgwSFUteXJ3ZzMwbWs3eU5UMGcxVllZZ2ZXOE5PTmtiaGpINHZRMG1xaWhVb2JfSGlnTmw0TzI0alBYN2wta29rQWE4dWtaV0NFc0QxYXh0aHdldGRnUDc2N2tTLWxka1ZqV09wRGo4WDRicXZ0MFA4MWtkaXJVT2pkdGw2UlFreGtuS2p5VXBCVjgzTFZQcw?oc=5,
"Best guess, paid $250K or more","Selman & Company, LLC",600000,Small,Yes,OH,Best guess,"Cleveland.com confirms Selman & Company, an insurance program administrator, is headquartered in Richmond Heights, OH; no Form 5500 record or acquisition news was found to establish an outside parent. JobsOhio's own jobs-retained figure of 125 supports the 100-499 bucket, so this is graded C from a ",https://www.cleveland.com,
"Best guess, paid $250K or more","OMEC Smart Card, LLC",550000,Small,Yes,OH,Best guess,"No news coverage, EDGAR record, or Form 5500 filing was found for OMEC Smart Card LLC beyond JobsOhio's own project metrics, which list zero jobs retained on a new $550,000 Economic Development Grant project. Graded D from those signals alone; bucket picked for a new small technology project with no",https://www.jobsohio.com,
"Best guess, paid $250K or more",United Candle Company LLC,525000,Small,Yes,OH,Best guess,"The Zanesville Times Recorder covered United Candle Company opening a Norwich, OH factory as an independent operation, with no acquirer or outside parent found in any search. JobsOhio's own metrics list zero jobs retained on a modest $125,000 grant, consistent with a small new manufacturing plant.",https://www.jobsohio.com,
"Best guess, paid $250K or more",GetWorkerFit Partners,520000,Small,Yes,OH,Best guess,"No news coverage, company website, EDGAR record, or Form 5500 filing turned up for GetWorkerFit Partners in Newbury, OH, and JobsOhio's own metrics fields are blank for this recipient. Graded D from the recipient's evident small scale (a $520,000 grant with no reported jobs-retained figure) with no ",https://www.jobsohio.com/sitemap.xml,
"Best guess, paid $250K or more",Barry-Wehmiller Companies,510000,Large,No,MO,Best guess,"Stolle Machinery is widely reported as a Barry-Wehmiller Companies business (St. Louis MO, ~12,000 employees), but Stolle's own site and EDGAR full-text search did not confirm the link in this session, so the parent call is a best guess.",https://en.wikipedia.org/wiki/Barry-Wehmiller,
"Best guess, paid $250K or more","Recleim, LLC",510000,Small,No,GA,Best guess,"Inc. magazine profiled Recleim, an Atlanta-based appliance-recycling company founded by Jerry Mackey, as roughly $35 million in revenue with plants in Lima OH and Graniteville SC; no evidence of a larger corporate parent was found.","https://news.google.com/rss/search?q=%22Recleim%22 (Inc.com profile; Waste360 ""Recleim Opens Appliance Recycling Plant in Lima, Ohio"")",
"Best guess, paid $250K or more","Liberty Interactive Corporation (renamed Qurate Retail, Inc. in 2018)",500000,Large,No,CO,Best guess,"Liberty Interactive (QVC's parent, HQ Englewood CO) bought Zulily for $2.4B in 2015; Zulily's last standalone 10-K was filed Feb 2015 and it never filed again, confirming subsidiary status for the 2017 grant, under a parent with well over 5,000 employees. Graded C: Wikipedia is the only source.",https://en.wikipedia.org/wiki/QVC_Group,
"Best guess, paid $250K or more","Drury Hotels Company, LLC",500000,Large,No,MO,Best guess,"Drury Southwest Inc. is a development affiliate of Drury Hotels Company, the Drury family's hotel chain headquartered in St. Louis MO, which operates 150+ hotels and employs several thousand people. Graded C: Wikipedia is the only source.",https://en.wikipedia.org/wiki/Drury_Hotels,
"Best guess, paid $250K or more",Taylor Corporation,500000,Large,No,MN,Best guess,"Taylor Communications is a business unit of Taylor Corporation, a privately held print/communications company founded by Glen Taylor and headquartered in North Mankato MN, widely described as one of the largest private US companies with well over 5,000 employees.",https://en.wikipedia.org/wiki/Taylor_Corporation,
"Best guess, paid $250K or more","Advics Co., Ltd.",500000,Large,No,Japan,Best guess,"Advics Manufacturing Ohio is a US plant of Advics Co., Ltd., a Japan-based brake-systems joint venture majority owned by Aisin (a Fortune Global 500, Toyota Group company) with Denso and Toyota Motor; jobs_retained of 714 at the Lebanon OH plant supports a large worldwide parent. Graded C: Wikipedia",https://en.wikipedia.org/wiki/Aisin,
"Best guess, paid $250K or more",Knorr-Bremse AG,500000,Large,No,Germany,Best guess,"Bendix Commercial Vehicle Systems, based in Elyria OH, is the North American commercial-vehicle brake unit of Knorr-Bremse AG, a German manufacturer with tens of thousands of employees worldwide. Graded C: Wikipedia is the only source.",https://en.wikipedia.org/wiki/Knorr-Bremse,
"Best guess, paid $250K or more",Keller Logistics Group,500000,Large,Yes,OH,Best guess,"Rule R2: own plan under 250 participants, no subsidiary marker in the name, not an SEC registrant. Subsidiary check: owned by Keller Logistics Group; rule result replaced. An affiliate of family-owned Keller Logistics Group (Defiance, OH) from 2018 until its 2022 sale to Universal Pure; Keller's hea",https://kellerlogistics.com/about-keller/company-history/,
"Best guess, paid $250K or more",McBee Supply Corporation,500000,Small,Yes,OH,Best guess,"JobsOhio lists 272 jobs retained in Cleveland, a floor on size, but the company's website domain no longer resolves to the business and no SEC, news, or JobsOhio release could be found naming an owner or worldwide headcount; bucket is a best guess from the jobs-retained floor.","JobsOhio project metrics, jobs_retained_max=272",
"Best guess, paid $250K or more",ProVia,500000,Large,Yes,OH,Best guess,"JobsOhio's release describes ProVia as a privately held Ohio manufacturer of entry doors, windows, siding and roofing, committing 300 new jobs at the Dalton project; no outside owner was found, so ProVia is treated as its own parent, and no exact worldwide headcount was sourced.",https://www.jobsohio.com/newsroom/news-press/provia-continues-to-grow-in-northeast-ohio,
"Best guess, paid $250K or more",The Tomko Company,500000,Small,Yes,OH,Best guess,"Business press profiles owner Michael Tomko's small, owner-operated Columbus historic-building redevelopment company; JobsOhio lists only 12 jobs retained, consistent with a small firm, and no outside parent was found.",JobsOhio jobs_retained_max=12; Columbus Business First profile of owner Michael Tomko's small redevelopment firm,
"Best guess, paid $250K or more",APackaging Group,500000,Small,No,CA,Best guess,"JobsOhio's company profile describes APackaging Group as a privately held cosmetic/beauty packaging manufacturer founded by an industry veteran, with factories in Asia and U.S. contract facilities; no employee count or ownership beyond the founder was found, so size is a best guess.",https://www.jobsohio.com/newsroom/news-press/apackaging-group-builds-new-injection-molding-manufacturing-plant-in-ohio,
"Best guess, paid $250K or more",MB Sheth Ohio LLC,500000,Small,No,NJ,Best guess,"No JobsOhio release, news coverage, company website, or SEC/EDGAR match was found for MB Sheth Ohio LLC or a named parent; graded D from the recipient address alone, with no metrics data available in the input either.","input signals only (Spotswood, NJ recipient address); no independent source found",
"Best guess, paid $250K or more","BWX Technologies, Inc.",475000,Large,No,VA,Best guess,"BWXT Government Group Inc. in Barberton is a subsidiary of BWX Technologies, Inc. (NYSE: BWXT), a large public nuclear-components and fuel supplier headquartered in Lynchburg, Virginia; no exact worldwide headcount for 2020 was sourced, but the company's public scale supports 5000+. Graded C: Wikipe",Wikipedia description of BWX Technologies as a large international nuclear-components supplier (NYSE: BWXT),
"Best guess, paid $250K or more","EVE Energy Co., Ltd.",460124,Large,No,China,Best guess,"Eve Energy North America Corporation is the U.S. R&D subsidiary of EVE Energy Co., Ltd., a publicly listed Chinese battery maker headquartered in Huizhou, Guangdong; its global market position supports a 5000+ worldwide bucket, though no exact FY2024 headcount was found. The Ohio entity itself has o",Wikipedia description of EVE Energy as the world's third-largest energy-storage battery cell maker and a top-10 global EV battery maker,
"Best guess, paid $250K or more",Alpont LLC,450000,Small,Yes,OH,Best guess,"JobsOhio profiles Alpont as an Energy & Chemicals success story in Oregon, Ohio, and the Toledo Blade covered a new Alpont plant for local product distribution, but both pages are JavaScript-rendered and their full text could not be fetched; no parent company, outside headquarters, or employee count",https://www.jobsohio.com/newsroom/ohio-success/alpont,
"Best guess, paid $250K or more",Amcor plc (Amcor Limited at time of grant),400000,Large,No,Switzerland,Best guess,"Amcor Rigid Plastics USA, LLC is a US operating unit of Amcor, a multinational packaging company; at the 2017 grant year (pre-Bemis merger and pre-Jersey redomicile), Amcor Limited was dual-headquartered with its global office in Zurich, Switzerland, and roughly 33,000-35,000 employees worldwide. Gr",https://en.wikipedia.org/api/rest_v1/page/summary/Amcor,
"Best guess, paid $250K or more",Hikma Pharmaceuticals plc,400000,Large,No,United Kingdom,Best guess,"Hikma acquired Roxane Laboratories (renamed West-Ward Pharmaceuticals' Columbus operations) for $2.1B in 2016; Form 5500 sponsor is Hikma Pharmaceuticals USA Inc. (NJ), with participants growing from 1,075 (2015) to 2,274 (2019). Hikma plc, London-listed (FTSE 250), had roughly 8,000-9,000 employees",https://en.wikipedia.org/api/rest_v1/page/summary/Hikma_Pharmaceuticals,
"Best guess, paid $250K or more","Unknown (RealPath Group LLC, unresolved)",400000,Small,Yes,OH,Best guess,"No JobsOhio release, news story, or EDGAR record found for RealPath Group LLC; no metrics fields populated in the source data. Graded from the recipient's own West Chester, OH address as a likely small independent company.",https://www.jobsohio.com/news?search=RealPath,
"Best guess, paid $250K or more",GG Brands Company LLC (The Gorilla Glue Company),400000,Large,Yes,OH,Best guess,"Form 5500 sponsor is GG Brands Company LLC (OH), the Cincinnati-based holding entity for The Gorilla Glue Company's retirement plan; participants rose from 208 (2015) to 521 (2019), and JobsOhio lists 529 jobs retained in 2022. Could not confirm within the search budget whether outside investors hol",https://efts.sec.gov/LATEST/search-index?q=%22GG+Brands%22,
"Best guess, paid $250K or more",Nautic Partners (private equity),400000,Large,No,RI,Best guess,"Rule R2: own plan under 250 participants, no subsidiary marker in the name, not an SEC registrant. Subsidiary check: owned by Nautic Partners (private equity); rule result replaced. PE-owned since 2016 (Wind Point, then Nautic Partners from August 2021) and built into a six-plant platform through ac",https://www.auroraplastics.com/about-us/,
"Best guess, paid $250K or more",Ronfeldt Manufacturing LLC,400000,Small,Yes,OH,Best guess,"No SEC filing, Form 5500, JobsOhio press release, or news coverage found for this Toledo company after EDGAR, JobsOhio sitemap, and Google News searches; treated as a small independent manufacturer on a best guess.",https://www.jobsohio.com/sitemap.xml,
"Best guess, paid $250K or more",MJM Logistics LLC,400000,Small,Yes,OH,Best guess,"LinkedIn lists MJM Logistics as a 2-10 employee trucking/logistics firm in Chillicothe; JobsOhio's 20 jobs-retained figure is a floor, but both signals stay well under 100.",https://www.linkedin.com/company/mjm-logistics-llc,
"Best guess, paid $250K or more",Nuproduce Solutions LLC,400000,Small,No,MI,Best guess,"No EDGAR, Form 5500, JobsOhio release, or news record located for this Grand Rapids MI food/agribusiness company; zero jobs retained signals a new, small operation, graded on a best guess.",https://www.jobsohio.com/sitemap.xml,
"Best guess, paid $250K or more",Steelite International Ltd,400000,Large,No,United Kingdom,Best guess,"Steelite International is a UK tableware maker (Stoke-on-Trent) that describes New Castle, PA as a co-headquarters for its Americas arm; LinkedIn lists company-wide size as 501-1,000, and Form 5500 participants at the US entity grew 89 to 237.",https://en.wikipedia.org/api/rest_v1/page/summary/Steelite_International,
"Best guess, paid $250K or more",Waltco Lift Corp,398543,Small,Yes,OH,Best guess,"LinkedIn shows Waltco as an independent liftgate maker (no parent listed), now headquartered in Streetsboro OH after leaving Tallmadge in 2020, with a self-reported 201-500 employees; 185 jobs retained per JobsOhio supports the lower part of that range.",https://www.linkedin.com/company/waltco,
"Best guess, paid $250K or more","Roper Technologies, Inc.",375000,Large,No,FL,Best guess,"The recipient's EDGAR name, Construction Software Technologies, Inc. (DE inc., OH HQ), is ConstructConnect's legal entity; Roper acquired ConstructConnect in October 2016 for $632 million and reports about 19,400 employees group-wide, so the 2022 grant year is clearly under Roper, while the 2016 gra",https://en.wikipedia.org/wiki/Roper_Technologies,
"Best guess, paid $250K or more",Logoplaste,365000,Large,No,Portugal,Best guess,"Logoplaste is a Portuguese rigid-plastic-packaging maker headquartered in Cascais, Portugal, with a LinkedIn-reported 1,001-5,000 employees; local Lima, Ohio news (LimaOhio.com, March 2023) confirms the plant began production and expanded, with 0 jobs retained reflecting a brand-new facility.",https://www.linkedin.com/company/logoplaste,
"Best guess, paid $250K or more",Borgers Group (Borgers SE & Co. KGaA),350000,Large,No,Germany,Best guess,"Borgers Ohio (Norwalk, auto interior wheel-arch parts) was part of the German Borgers Group during the 2016-2020 grant years; Switzerland's Autoneum agreed to acquire Borgers' automotive business in January 2023, after the grant years, so the 2016-2020 parent remains Borgers Group.",form5500 (input signal: 189-323 participants 2019-2023),
"Best guess, paid $250K or more",Saint-Gobain SA,350000,Large,No,France,Best guess,"CertainTeed is a wholly owned subsidiary of Saint-Gobain SA, headquartered near Paris, France, a company with over 170,000 employees worldwide; the Milan, OH plant received an Economic Development Grant tied to 196 jobs retained. Graded C: Wikipedia is the only source.",https://en.wikipedia.org/api/rest_v1/page/summary/CertainTeed,
"Best guess, paid $250K or more",Symba & Snap Gourmet Foods (self),350000,Small,Yes,OH,Best guess,"No 10-K, F5500, or JobsOhio press release turned up; only generic business-directory profiles for a small Cleveland food company. Bucket is a best guess from company size implied by those listings.","Business-directory listings (Cortera, Bizapedia) for ""Symba & Snap LLC"" / ""Symba & Snap Gourmet Foods, Inc."", Cleveland, OH",
"Best guess, paid $250K or more",Beontag,350000,Large,No,Brazil,Best guess,"Rule R2: own plan under 250 participants, no subsidiary marker in the name, not an SEC registrant. Subsidiary check: owned by Beontag; rule result replaced. Acquired by Brazilian label-materials group Beontag on September 1, 2022, before its 2024 grant; Beontag's headcount bucket is estimated from i",https://www.beontag.com/press-releases/beontag-acquires-technicote-and-marks-its-entry-to-the-north-american-self-adhesive-market/,
"Best guess, paid $250K or more",The Hilsinger Company (Hilco Vision),350000,Large,No,MA,Best guess,"The Hilsinger Company does business as Hilco Vision, based in Plainville, MA; JobsOhio's 2021 release covers its 200-job Fairfield plant. Its U.S. Form 5500 shows 482 participants in 2023, and with the Ohio plant and overseas units (news reports of German and other acquisitions), worldwide staff is ",https://www.hilcovision.com,
"Best guess, paid $250K or more",Pison Stream Solutions (self),337180,Small,Yes,OH,Best guess,"EDGAR shows only Form D private-placement notices, consistent with an independent small shale-tech startup rather than a subsidiary. No employee count is published anywhere found; metrics_jobs_retained_max is 0 for the grant years.","SEC EDGAR company record (edgar_hq_state OH; browse-edgar address Brecksville, OH)",
"Best guess, paid $250K or more",DiGeronimo Companies (self),330000,Small,Yes,OH,Best guess,"DiGeronimo Companies is a multi-generation, family-owned Ohio group (Independence Excavating plus related real-estate and hospitality ventures); no SEC or F5500 record exists since it is privately held, so headcount is a best estimate from press profiles.","Cleveland-area business press (Crain's Cleveland, ScripType Publishing, sbnonline.com) describing DiGeronimo Companies as based in Independence/Brecksville, OH",
"Best guess, paid $250K or more",CodeBlue 360 (self at grant time),301748,Small,Yes,OH,Best guess,"CodeBlue was an insurance-claims/restoration software company that combined with MADSKY and AccuWin to form Accuserve in January 2023, three years after the 2020 grant; no source found confirms size or ownership at grant time, so the bucket is a best guess and should be treated as unresolved.",No F5500 or SEC record found; JobsOhio metrics fields for this recipient are blank,
"Best guess, paid $250K or more",Ace Torwel Inc (self),300000,Small,Yes,OH,Best guess,"Only trade-press mentions of ""Torwel"" as a truck torque-converter remanufacturer were found, with no ownership or size details tied to this Brookville, OH entity; treated as independent given the small Revitalization Grant and no signal of a parent.","Input signal (Brookville, OH); Work Truck Online, ""Torwel Resumes Operations"", referencing the same torque-converter remanufacturing business",
"Best guess, paid $250K or more","Scioto Valley Woodworking, Inc.",300000,Small,Yes,OH,Best guess,"No SEC filing, JobsOhio press release, Form 5500, or news coverage found for this Waverly woodworking company after EDGAR and Google News searches; treated as an independent small manufacturer on a best guess.",https://www.jobsohio.com/sitemap.xml (no dedicated release found),
"Best guess, paid $250K or more","GTL Lumber, Inc.",300000,Small,Yes,OH,Best guess,"Ironton Tribune reported GTL Lumber bought Muth Lumber in Dec 2019 and added 19 jobs, matching JobsOhio's 18 jobs-retained figure; no outside parent company found.","https://www.irontontribune.com (""Company purchases Muth Lumber: GTL Lumber upgrades facility, adds 19 jobs"", Dec 11 2019)",
"Best guess, paid $250K or more","American Nuts, Inc.",300000,Small,No,CA,Best guess,"American Nuts was independently/family owned during the 2021 grant year and headquartered in Sylmar CA; it was acquired by a Gauge Capital-backed platform in April 2022, after the grant year, so the PE owner is noted but not treated as parent. No employee total was found; bucket is a best guess for ","Kroll M&A advisory release on the April 2022 sale of DSD Merchandisers LLC to American Nuts Inc, a Gauge Capital LLC portfolio company",
"Best guess, paid $250K or more","International Cushioning Company, LLC",300000,Small,No,NJ,Best guess,"JobsOhio's release describes ICC as an independent, 50+ year old commercial packaging manufacturer with existing NJ, TX and NC plants and no named parent; the new Fremont OH plant added 75 jobs, but no company-wide employee total was published.",https://www.jobsohio.com/newsroom/news-press/international-cushioning-company-will-serve-regional-customers-with-new-ohio-location,
"Best guess, paid $250K or more","Nehemiah Manufacturing Company, LLC",300000,Small,Yes,OH,Best guess,"Nehemiah Manufacturing is an independently owned, second-chance-hiring consumer goods maker founded in Cincinnati in 2009 with no outside corporate parent; 125 jobs retained per JobsOhio and known headcount growth support the 100-499 bucket.","Cincinnati Enquirer, ""Nehemiah Manufacturing was his second venture. It became his workers' second chance""",
"Best guess, paid $250K or more",North Point Leasing Corp,300000,Small,Yes,OH,Best guess,"No JobsOhio project metrics, SEC filing, or news coverage found for this Mayfield Heights leasing company after EDGAR and Google News searches; treated as a small independent company on a best guess.","no SEC filing, JobsOhio release, or news coverage found",
"Best guess, paid $250K or more","Cerelia (Cerelia Bakery USA, Inc.)",300000,Large,No,France,Best guess,"JobsOhio's own release identifies Cerelia as ""France-based"" and describes the Whitehall plant as a $29.2M, 150,000 sq ft investment adding 40 jobs (80 retained); Cerelia Group operates multiple plants across the US and Europe, supporting a mid-size 500-4999 bucket, but no exact global headcount was ",https://www.jobsohio.com/newsroom/news-press/france-based-cerelia-will-grow-within-ohios-strong-food-industry,
"Best guess, paid $250K or more","Charles River Laboratories International, Inc.",300000,Large,No,MA,Best guess,"The recipient EIN traces to WIL Research Laboratories LLC (Ashland, OH; f5500 635 participants in 2015), acquired by Charles River Laboratories International (NYSE: CRL) in 2016; Charles River is headquartered in Wilmington, MA with about 20,000 employees worldwide, and its own 2022 JobsOhio release",https://en.wikipedia.org/wiki/Charles_River_Laboratories,
"Best guess, paid $250K or more",J and M Holdings LLC,300000,Small,No,CO,Best guess,"No JobsOhio project metrics, SEC filing, or news coverage found for this Aurora, Colorado-registered holding company after EDGAR and Google News searches; treated as its own small parent on a best guess.","no SEC filing, JobsOhio release, or news coverage found",
"Best guess, paid $250K or more",Wright Warehousing Inc,290000,Small,Yes,OH,Best guess,"No JobsOhio project metrics, SEC filing, or news coverage found for this Lima, Ohio warehousing company after EDGAR and Google News searches; treated as a small independent company on a best guess.","no SEC filing, JobsOhio release, or news coverage found",
"Best guess, paid $250K or more",MFM Building Products Corp.,275000,Small,Yes,OH,Best guess,"MFM Building Products Corp. is headquartered at the Coshocton address itself, manufacturing waterproofing membranes since 1961, with no outside parent found. Only a 70-job retention floor was available, so the bucket is a guess above that floor.",JobsOhio metrics_jobs_retained_max of 70 at the Coshocton site; no independent employee count found,
"Best guess, paid $250K or more",King's Command Foods LLC,250000,Small,No,CA,Best guess,"King's Command Foods is a specialty meat-topping producer generally associated with Anaheim, California, but no source fetched this session confirmed a headquarters address or an outside corporate parent. The bucket is a guess above the 47-job Versailles retention floor.","JobsOhio metrics_jobs_retained_max of 47 at the Versailles, OH plant; no independent worldwide employee count found",
"Best guess, paid $250K or more",Peter Cremer Group,250000,Large,No,Germany,Best guess,Peter Cremer North America LP is the US arm of the German Peter Cremer oleochemicals group; a skeptical reader should note the German parent link here rests on the company's name and industry pattern rather than a source fetched this session. The Cincinnati entity's own Form 5500 plan had 326-388 pa,"Form 5500 participants 2019 (326) and 2023 (388) for the Cincinnati entity alone; Peter Cremer is a multi-site oleochemicals group with German, US and other operations",
"Best guess, paid $250K or more",Beam Technologies Inc. (Beam Benefits),250000,Small,Yes,OH,Best guess,"Beam is a privately held, Columbus-based insurtech (now Beam Benefits) that JobsOhio said more than tripled its workforce; no exact worldwide headcount was found so the bucket is an estimate from company stage and grant size.",https://www.beam.dental/about; JobsOhio release headline (workforce more than tripled around the 2020 grant),
"Best guess, paid $250K or more","Kuraray Co., Ltd.",250000,Large,No,Japan,Best guess,"Kuraray, a large Japanese chemicals manufacturer, acquired Calgon Carbon for $1.1 billion in 2018, before the 2020 grant. The input's EDGAR name match (R.R. Donnelley) is an unrelated EIN-reuse mismatch, not Calgon Carbon's own filing. Graded C: Wikipedia is the only source.",https://en.wikipedia.org/wiki/Kuraray,
"Best guess, paid $250K or more","Körber AG (Schleifring / machine-tools division, operating United Grinding Group)",250000,Large,No,Germany,Best guess,"United Grinding North America is the US arm of United Grinding Group, part of German holding company Körber AG's machine-tools business at the time of the 2020 grant (the grinding unit merged with GF Machining Solutions in 2024). Körber employs well over 5,000 people worldwide. Graded C: Wikipedia i",https://en.wikipedia.org/wiki/K%C3%B6rber,
"Best guess, paid $250K or more","White Castle Management Co. (privately held, Ingram family)",250000,Large,Yes,OH,Best guess,"White Castle is a privately held, family-owned chain headquartered in Columbus, Ohio (founded 1921 in Wichita, Kansas); no exact worldwide headcount was found, but a chain of roughly 345 restaurants typically employs well over 5,000 people.",https://en.wikipedia.org/wiki/White_Castle_(restaurant),
"Best guess, paid $250K or more",Kyocera Corporation,250000,Large,No,Japan,Best guess,"Kyocera SGS Precision Tools is a US subsidiary of Kyocera Corporation, a Japanese multinational that files 20-F annual reports with the SEC and employs tens of thousands worldwide. The Ohio entity's own Form 5500 plan (297-470 participants) is far smaller than the parent. Graded C: Wikipedia is the ","SEC EDGAR CIK 0000057083 (Kyocera Corp, 20-F foreign private issuer filer); https://en.wikipedia.org/wiki/Kyocera",
"Best guess, paid $250K or more","Nippon Paint Holdings Co., Ltd.",250000,Large,No,Japan,Best guess,"Nippon Paint Automotive Americas is a US unit of Nippon Paint Holdings, ranked the world's fourth-largest paint maker by revenue. No Ohio-specific size signals were in the input, so this rests on the parent's public profile. Graded C: Wikipedia is the only source.",https://en.wikipedia.org/wiki/Nippon_Paint,
"Best guess, paid $250K or more","O-I Glass, Inc. (Owens-Illinois)",250000,Large,Yes,OH,Best guess,"Owens-Brockway is a subsidiary of O-I Glass (Owens-Illinois), an SEC-registered 10-K filer headquartered in Perrysburg, Ohio; the company traces to the Owens Bottle Company founded in Toledo, Ohio in 1903. Graded C: Wikipedia is the only source.",Input EDGAR match (edgar_hq_state OH); SEC EDGAR CIK 0000812233; https://en.wikipedia.org/wiki/O-I_Glass,
"Best guess, paid $250K or more","Caliber Mold and Machine, Inc.",250000,Small,Yes,OH,Best guess,"Caliber Mold and Machine is a small, independent Akron mold and machine shop confirmed by local news coverage of a fire at its facility; JobsOhio's jobs-retained figure of 21 supports a small headcount.","Cleveland 19 News, ""Fire breaks out at Akron's Caliber Mold and Machine company""",
"Best guess, paid $250K or more","Ohio Steel Industries, Inc.",250000,Small,Yes,OH,Best guess,"F5500 sponsor is Ohio Steel Industries itself (OH), with participants rising from 216 (2015) to 505 (2023); since participants include former employees with balances, the 500-999 range is ambiguous for current headcount, so bucket is a lower-end estimate. JobsOhio lists 198 jobs retained. No parent ",https://news.google.com/rss/search?q=%22Ohio+Steel+Industries%22+Columbus+family+owned,
